Country,Year,Patents,Continent
El Salvador,1980,12,South America
El Salvador,1981,,South America
El Salvador,1982,22,South America
El Salvador,1983,39,South America
El Salvador,1984,31,South America
El Salvador,1985,16,South America
El Salvador,1986,,South America
El Salvador,1987,,South America
El Salvador,1988,,South America
El Salvador,1989,19,South America
El Salvador,1990,10,South America
El Salvador,1991,10,South America
El Salvador,1992,11,South America
El Salvador,1993,10,South America
El Salvador,1994,10,South America
El Salvador,1995,3,South America
El Salvador,1996,,South America
El Salvador,1997,,South America
El Salvador,1998,,South America
El Salvador,1999,,South America
El Salvador,2000,,South America
El Salvador,2001,,South America
El Salvador,2002,,South America
El Salvador,2003,,South America
El Salvador,2004,,South America
El Salvador,2005,,South America
El Salvador,2006,,South America
El Salvador,2007,,South America
El Salvador,2008,,South America
El Salvador,2009,,South America
El Salvador,2010,,South America
El Salvador,2011,,South America
El Salvador,2012,,South America
El Salvador,2013,,South America
El Salvador,2014,,South America
El Salvador,2015,7,South America
El Salvador,2016,4,South America
El Salvador,2017,4,South America
El Salvador,2018,3,South America
Cyprus,1980,1,Europe
Cyprus,1981,,Europe
Cyprus,1982,,Europe
Cyprus,1983,2,Europe
Cyprus,1984,2,Europe
Cyprus,1985,,Europe
Cyprus,1986,,Europe
Cyprus,1987,,Europe
Cyprus,1988,,Europe
Cyprus,1989,,Europe
Cyprus,1990,,Europe
Cyprus,1991,,Europe
Cyprus,1992,,Europe
Cyprus,1993,,Europe
Cyprus,1994,,Europe
Cyprus,1995,,Europe
Cyprus,1996,,Europe
Cyprus,1997,,Europe
Cyprus,1998,,Europe
Cyprus,1999,,Europe
Cyprus,2000,,Europe
Cyprus,2001,,Europe
Cyprus,2002,,Europe
Cyprus,2003,12,Europe
Cyprus,2004,9,Europe
Cyprus,2005,20,Europe
Cyprus,2006,,Europe
Cyprus,2007,3,Europe
Cyprus,2008,11,Europe
Cyprus,2009,6,Europe
Cyprus,2010,4,Europe
Cyprus,2011,,Europe
Cyprus,2012,4,Europe
Cyprus,2013,2,Europe
Cyprus,2014,4,Europe
Cyprus,2015,6,Europe
Cyprus,2016,3,Europe
Cyprus,2017,8,Europe
Cyprus,2018,4,Europe
Guatemala,1980,,South America
Guatemala,1981,,South America
Guatemala,1982,17,South America
Guatemala,1983,,South America
Guatemala,1984,,South America
Guatemala,1985,72,South America
Guatemala,1986,25,South America
Guatemala,1987,8,South America
Guatemala,1988,16,South America
Guatemala,1989,5,South America
Guatemala,1990,27,South America
Guatemala,1991,31,South America
Guatemala,1992,27,South America
Guatemala,1993,40,South America
Guatemala,1994,21,South America
Guatemala,1995,32,South America
Guatemala,1996,22,South America
Guatemala,1997,36,South America
Guatemala,1998,26,South America
Guatemala,1999,28,South America
Guatemala,2000,54,South America
Guatemala,2001,30,South America
Guatemala,2002,8,South America
Guatemala,2003,6,South America
Guatemala,2004,9,South America
Guatemala,2005,17,South America
Guatemala,2006,28,South America
Guatemala,2007,9,South America
Guatemala,2008,5,South America
Guatemala,2009,7,South America
Guatemala,2010,7,South America
Guatemala,2011,4,South America
Guatemala,2012,7,South America
Guatemala,2013,4,South America
Guatemala,2014,10,South America
Guatemala,2015,7,South America
Guatemala,2016,3,South America
Guatemala,2017,3,South America
Guatemala,2018,6,South America
Costa Rica,1980,30,South America
Costa Rica,1981,41,South America
Costa Rica,1982,38,South America
Costa Rica,1983,16,South America
Costa Rica,1984,,South America
Costa Rica,1985,,South America
Costa Rica,1986,19,South America
Costa Rica,1987,12,South America
Costa Rica,1988,10,South America
Costa Rica,1989,14,South America
Costa Rica,1990,25,South America
Costa Rica,1991,,South America
Costa Rica,1992,,South America
Costa Rica,1993,29,South America
Costa Rica,1994,,South America
Costa Rica,1995,,South America
Costa Rica,1996,,South America
Costa Rica,1997,,South America
Costa Rica,1998,,South America
Costa Rica,1999,,South America
Costa Rica,2000,,South America
Costa Rica,2001,,South America
Costa Rica,2002,,South America
Costa Rica,2003,,South America
Costa Rica,2004,,South America
Costa Rica,2005,,South America
Costa Rica,2006,,South America
Costa Rica,2007,,South America
Costa Rica,2008,,South America
Costa Rica,2009,,South America
Costa Rica,2010,8,South America
Costa Rica,2011,14,South America
Costa Rica,2012,10,South America
Costa Rica,2013,21,South America
Costa Rica,2014,16,South America
Costa Rica,2015,17,South America
Costa Rica,2016,9,South America
Costa Rica,2017,19,South America
Costa Rica,2018,7,South America
Honduras,1980,6,South America
Honduras,1981,,South America
Honduras,1982,63,South America
Honduras,1983,16,South America
Honduras,1984,4,South America
Honduras,1985,12,South America
Honduras,1986,,South America
Honduras,1987,12,South America
Honduras,1988,,South America
Honduras,1989,,South America
Honduras,1990,6,South America
Honduras,1991,,South America
Honduras,1992,,South America
Honduras,1993,,South America
Honduras,1994,,South America
Honduras,1995,7,South America
Honduras,1996,10,South America
Honduras,1997,,South America
Honduras,1998,11,South America
Honduras,1999,8,South America
Honduras,2000,4,South America
Honduras,2001,7,South America
Honduras,2002,7,South America
Honduras,2003,,South America
Honduras,2004,,South America
Honduras,2005,,South America
Honduras,2006,,South America
Honduras,2007,,South America
Honduras,2008,,South America
Honduras,2009,,South America
Honduras,2010,,South America
Honduras,2011,2,South America
Honduras,2012,8,South America
Honduras,2013,6,South America
Honduras,2014,,South America
Honduras,2015,4,South America
Honduras,2016,10,South America
Honduras,2017,4,South America
Honduras,2018,8,South America
Madagascar,1980,,Africa
Madagascar,1981,,Africa
Madagascar,1982,,Africa
Madagascar,1983,,Africa
Madagascar,1984,,Africa
Madagascar,1985,,Africa
Madagascar,1986,,Africa
Madagascar,1987,,Africa
Madagascar,1988,,Africa
Madagascar,1989,,Africa
Madagascar,1990,,Africa
Madagascar,1991,,Africa
Madagascar,1992,,Africa
Madagascar,1993,,Africa
Madagascar,1994,9,Africa
Madagascar,1995,22,Africa
Madagascar,1996,7,Africa
Madagascar,1997,9,Africa
Madagascar,1998,14,Africa
Madagascar,1999,10,Africa
Madagascar,2000,7,Africa
Madagascar,2001,,Africa
Madagascar,2002,4,Africa
Madagascar,2003,3,Africa
Madagascar,2004,16,Africa
Madagascar,2005,7,Africa
Madagascar,2006,4,Africa
Madagascar,2007,9,Africa
Madagascar,2008,14,Africa
Madagascar,2009,1,Africa
Madagascar,2010,9,Africa
Madagascar,2011,3,Africa
Madagascar,2012,4,Africa
Madagascar,2013,4,Africa
Madagascar,2014,5,Africa
Madagascar,2015,3,Africa
Madagascar,2016,6,Africa
Madagascar,2017,9,Africa
Madagascar,2018,9,Africa
Dominican Republic,1980,,South America
Dominican Republic,1981,,South America
Dominican Republic,1982,,South America
Dominican Republic,1983,25,South America
Dominican Republic,1984,,South America
Dominican Republic,1985,,South America
Dominican Republic,1986,14,South America
Dominican Republic,1987,,South America
Dominican Republic,1988,,South America
Dominican Republic,1989,,South America
Dominican Republic,1990,,South America
Dominican Republic,1991,,South America
Dominican Republic,1992,,South America
Dominican Republic,1993,,South America
Dominican Republic,1994,,South America
Dominican Republic,1995,,South America
Dominican Republic,1996,,South America
Dominican Republic,1997,,South America
Dominican Republic,1998,,South America
Dominican Republic,1999,,South America
Dominican Republic,2000,5,South America
Dominican Republic,2001,11,South America
Dominican Republic,2002,11,South America
Dominican Republic,2003,18,South America
Dominican Republic,2004,24,South America
Dominican Republic,2005,8,South America
Dominican Republic,2006,15,South America
Dominican Republic,2007,34,South America
Dominican Republic,2008,8,South America
Dominican Republic,2009,17,South America
Dominican Republic,2010,15,South America
Dominican Republic,2011,15,South America
Dominican Republic,2012,19,South America
Dominican Republic,2013,12,South America
Dominican Republic,2014,16,South America
Dominican Republic,2015,25,South America
Dominican Republic,2016,28,South America
Dominican Republic,2017,20,South America
Dominican Republic,2018,17,South America
Estonia,1980,,Europe
Estonia,1981,,Europe
Estonia,1982,,Europe
Estonia,1983,,Europe
Estonia,1984,,Europe
Estonia,1985,,Europe
Estonia,1986,,Europe
Estonia,1987,,Europe
Estonia,1988,,Europe
Estonia,1989,,Europe
Estonia,1990,,Europe
Estonia,1991,,Europe
Estonia,1992,,Europe
Estonia,1993,,Europe
Estonia,1994,16,Europe
Estonia,1995,16,Europe
Estonia,1996,12,Europe
Estonia,1997,15,Europe
Estonia,1998,20,Europe
Estonia,1999,13,Europe
Estonia,2000,13,Europe
Estonia,2001,18,Europe
Estonia,2002,19,Europe
Estonia,2003,18,Europe
Estonia,2004,27,Europe
Estonia,2005,23,Europe
Estonia,2006,36,Europe
Estonia,2007,44,Europe
Estonia,2008,62,Europe
Estonia,2009,76,Europe
Estonia,2010,84,Europe
Estonia,2011,62,Europe
Estonia,2012,20,Europe
Estonia,2013,25,Europe
Estonia,2014,44,Europe
Estonia,2015,30,Europe
Estonia,2016,29,Europe
Estonia,2017,37,Europe
Estonia,2018,24,Europe
Jordan,1980,,Asia
Jordan,1981,,Asia
Jordan,1982,,Asia
Jordan,1983,,Asia
Jordan,1984,,Asia
Jordan,1985,,Asia
Jordan,1986,,Asia
Jordan,1987,,Asia
Jordan,1988,,Asia
Jordan,1989,11,Asia
Jordan,1990,,Asia
Jordan,1991,,Asia
Jordan,1992,,Asia
Jordan,1993,,Asia
Jordan,1994,,Asia
Jordan,1995,,Asia
Jordan,1996,,Asia
Jordan,1997,,Asia
Jordan,1998,,Asia
Jordan,1999,,Asia
Jordan,2000,71,Asia
Jordan,2001,52,Asia
Jordan,2002,21,Asia
Jordan,2003,25,Asia
Jordan,2004,42,Asia
Jordan,2005,49,Asia
Jordan,2006,75,Asia
Jordan,2007,59,Asia
Jordan,2008,50,Asia
Jordan,2009,60,Asia
Jordan,2010,45,Asia
Jordan,2011,40,Asia
Jordan,2012,48,Asia
Jordan,2013,35,Asia
Jordan,2014,40,Asia
Jordan,2015,41,Asia
Jordan,2016,22,Asia
Jordan,2017,26,Asia
Jordan,2018,24,Asia
Jamaica,1980,,South America
Jamaica,1981,,South America
Jamaica,1982,,South America
Jamaica,1983,15,South America
Jamaica,1984,10,South America
Jamaica,1985,,South America
Jamaica,1986,,South America
Jamaica,1987,3,South America
Jamaica,1988,,South America
Jamaica,1989,,South America
Jamaica,1990,4,South America
Jamaica,1991,4,South America
Jamaica,1992,6,South America
Jamaica,1993,9,South America
Jamaica,1994,6,South America
Jamaica,1995,7,South America
Jamaica,1996,2,South America
Jamaica,1997,9,South America
Jamaica,1998,,South America
Jamaica,1999,,South America
Jamaica,2000,11,South America
Jamaica,2001,4,South America
Jamaica,2002,15,South America
Jamaica,2003,9,South America
Jamaica,2004,11,South America
Jamaica,2005,10,South America
Jamaica,2006,21,South America
Jamaica,2007,6,South America
Jamaica,2008,15,South America
Jamaica,2009,17,South America
Jamaica,2010,14,South America
Jamaica,2011,20,South America
Jamaica,2012,25,South America
Jamaica,2013,22,South America
Jamaica,2014,33,South America
Jamaica,2015,7,South America
Jamaica,2016,19,South America
Jamaica,2017,11,South America
Jamaica,2018,26,South America
Cuba,1980,129,South America
Cuba,1981,122,South America
Cuba,1982,183,South America
Cuba,1983,166,South America
Cuba,1984,214,South America
Cuba,1985,,South America
Cuba,1986,,South America
Cuba,1987,,South America
Cuba,1988,,South America
Cuba,1989,,South America
Cuba,1990,,South America
Cuba,1991,,South America
Cuba,1992,1,South America
Cuba,1993,1,South America
Cuba,1994,121,South America
Cuba,1995,104,South America
Cuba,1996,83,South America
Cuba,1997,109,South America
Cuba,1998,,South America
Cuba,1999,110,South America
Cuba,2000,,South America
Cuba,2001,,South America
Cuba,2002,,South America
Cuba,2003,,South America
Cuba,2004,,South America
Cuba,2005,105,South America
Cuba,2006,94,South America
Cuba,2007,74,South America
Cuba,2008,69,South America
Cuba,2009,59,South America
Cuba,2010,,South America
Cuba,2011,62,South America
Cuba,2012,38,South America
Cuba,2013,27,South America
Cuba,2014,24,South America
Cuba,2015,,South America
Cuba,2016,32,South America
Cuba,2017,29,South America
Cuba,2018,29,South America
Ecuador,1980,35,South America
Ecuador,1981,14,South America
Ecuador,1982,22,South America
Ecuador,1983,24,South America
Ecuador,1984,24,South America
Ecuador,1985,,South America
Ecuador,1986,27,South America
Ecuador,1987,21,South America
Ecuador,1988,24,South America
Ecuador,1989,26,South America
Ecuador,1990,,South America
Ecuador,1991,13,South America
Ecuador,1992,23,South America
Ecuador,1993,21,South America
Ecuador,1994,4,South America
Ecuador,1995,8,South America
Ecuador,1996,7,South America
Ecuador,1997,8,South America
Ecuador,1998,,South America
Ecuador,1999,15,South America
Ecuador,2000,10,South America
Ecuador,2001,7,South America
Ecuador,2002,13,South America
Ecuador,2003,7,South America
Ecuador,2004,14,South America
Ecuador,2005,11,South America
Ecuador,2006,8,South America
Ecuador,2007,4,South America
Ecuador,2008,2,South America
Ecuador,2009,6,South America
Ecuador,2010,4,South America
Ecuador,2011,,South America
Ecuador,2012,,South America
Ecuador,2013,7,South America
Ecuador,2014,24,South America
Ecuador,2015,20,South America
Ecuador,2016,45,South America
Ecuador,2017,16,South America
Ecuador,2018,34,South America
Mozambique,1980,,Africa
Mozambique,1981,,Africa
Mozambique,1982,,Africa
Mozambique,1983,,Africa
Mozambique,1984,,Africa
Mozambique,1985,,Africa
Mozambique,1986,,Africa
Mozambique,1987,,Africa
Mozambique,1988,,Africa
Mozambique,1989,,Africa
Mozambique,1990,,Africa
Mozambique,1991,,Africa
Mozambique,1992,,Africa
Mozambique,1993,,Africa
Mozambique,1994,,Africa
Mozambique,1995,,Africa
Mozambique,1996,,Africa
Mozambique,1997,,Africa
Mozambique,1998,,Africa
Mozambique,1999,2,Africa
Mozambique,2000,,Africa
Mozambique,2001,,Africa
Mozambique,2002,,Africa
Mozambique,2003,,Africa
Mozambique,2004,,Africa
Mozambique,2005,,Africa
Mozambique,2006,1,Africa
Mozambique,2007,18,Africa
Mozambique,2008,2,Africa
Mozambique,2009,7,Africa
Mozambique,2010,15,Africa
Mozambique,2011,8,Africa
Mozambique,2012,14,Africa
Mozambique,2013,13,Africa
Mozambique,2014,14,Africa
Mozambique,2015,24,Africa
Mozambique,2016,15,Africa
Mozambique,2017,24,Africa
Mozambique,2018,34,Africa
Iceland,1980,19,Europe
Iceland,1981,14,Europe
Iceland,1982,18,Europe
Iceland,1983,32,Europe
Iceland,1984,28,Europe
Iceland,1985,21,Europe
Iceland,1986,29,Europe
Iceland,1987,28,Europe
Iceland,1988,16,Europe
Iceland,1989,18,Europe
Iceland,1990,17,Europe
Iceland,1991,34,Europe
Iceland,1992,28,Europe
Iceland,1993,34,Europe
Iceland,1994,22,Europe
Iceland,1995,19,Europe
Iceland,1996,16,Europe
Iceland,1997,22,Europe
Iceland,1998,41,Europe
Iceland,1999,35,Europe
Iceland,2000,51,Europe
Iceland,2001,49,Europe
Iceland,2002,71,Europe
Iceland,2003,57,Europe
Iceland,2004,66,Europe
Iceland,2005,47,Europe
Iceland,2006,45,Europe
Iceland,2007,61,Europe
Iceland,2008,50,Europe
Iceland,2009,64,Europe
Iceland,2010,57,Europe
Iceland,2011,50,Europe
Iceland,2012,37,Europe
Iceland,2013,33,Europe
Iceland,2014,51,Europe
Iceland,2015,40,Europe
Iceland,2016,35,Europe
Iceland,2017,36,Europe
Iceland,2018,56,Europe
Bangladesh,1980,34,Asia
Bangladesh,1981,39,Asia
Bangladesh,1982,40,Asia
Bangladesh,1983,40,Asia
Bangladesh,1984,62,Asia
Bangladesh,1985,40,Asia
Bangladesh,1986,16,Asia
Bangladesh,1987,23,Asia
Bangladesh,1988,24,Asia
Bangladesh,1989,32,Asia
Bangladesh,1990,32,Asia
Bangladesh,1991,36,Asia
Bangladesh,1992,72,Asia
Bangladesh,1993,36,Asia
Bangladesh,1994,39,Asia
Bangladesh,1995,70,Asia
Bangladesh,1996,22,Asia
Bangladesh,1997,46,Asia
Bangladesh,1998,32,Asia
Bangladesh,1999,49,Asia
Bangladesh,2000,70,Asia
Bangladesh,2001,59,Asia
Bangladesh,2002,43,Asia
Bangladesh,2003,58,Asia
Bangladesh,2004,48,Asia
Bangladesh,2005,50,Asia
Bangladesh,2006,22,Asia
Bangladesh,2007,29,Asia
Bangladesh,2008,60,Asia
Bangladesh,2009,55,Asia
Bangladesh,2010,66,Asia
Bangladesh,2011,37,Asia
Bangladesh,2012,67,Asia
Bangladesh,2013,60,Asia
Bangladesh,2014,44,Asia
Bangladesh,2015,41,Asia
Bangladesh,2016,77,Asia
Bangladesh,2017,61,Asia
Bangladesh,2018,69,Asia
Ireland,1980,394,Europe
Ireland,1981,461,Europe
Ireland,1982,434,Europe
Ireland,1983,567,Europe
Ireland,1984,651,Europe
Ireland,1985,726,Europe
Ireland,1986,743,Europe
Ireland,1987,719,Europe
Ireland,1988,727,Europe
Ireland,1989,736,Europe
Ireland,1990,734,Europe
Ireland,1991,786,Europe
Ireland,1992,,Europe
Ireland,1993,,Europe
Ireland,1994,,Europe
Ireland,1995,,Europe
Ireland,1996,,Europe
Ireland,1997,,Europe
Ireland,1998,,Europe
Ireland,1999,,Europe
Ireland,2000,,Europe
Ireland,2001,,Europe
Ireland,2002,,Europe
Ireland,2003,,Europe
Ireland,2004,,Europe
Ireland,2005,,Europe
Ireland,2006,,Europe
Ireland,2007,,Europe
Ireland,2008,,Europe
Ireland,2009,,Europe
Ireland,2010,,Europe
Ireland,2011,,Europe
Ireland,2012,,Europe
Ireland,2013,,Europe
Ireland,2014,,Europe
Ireland,2015,,Europe
Ireland,2016,79,Europe
Ireland,2017,62,Europe
Ireland,2018,76,Europe
Lithuania,1980,,Europe
Lithuania,1981,,Europe
Lithuania,1982,,Europe
Lithuania,1983,,Europe
Lithuania,1984,,Europe
Lithuania,1985,,Europe
Lithuania,1986,,Europe
Lithuania,1987,,Europe
Lithuania,1988,,Europe
Lithuania,1989,,Europe
Lithuania,1990,,Europe
Lithuania,1991,29,Europe
Lithuania,1992,134,Europe
Lithuania,1993,413,Europe
Lithuania,1994,112,Europe
Lithuania,1995,106,Europe
Lithuania,1996,100,Europe
Lithuania,1997,125,Europe
Lithuania,1998,134,Europe
Lithuania,1999,86,Europe
Lithuania,2000,66,Europe
Lithuania,2001,68,Europe
Lithuania,2002,85,Europe
Lithuania,2003,64,Europe
Lithuania,2004,70,Europe
Lithuania,2005,68,Europe
Lithuania,2006,65,Europe
Lithuania,2007,62,Europe
Lithuania,2008,87,Europe
Lithuania,2009,91,Europe
Lithuania,2010,108,Europe
Lithuania,2011,93,Europe
Lithuania,2012,109,Europe
Lithuania,2013,117,Europe
Lithuania,2014,123,Europe
Lithuania,2015,101,Europe
Lithuania,2016,95,Europe
Lithuania,2017,81,Europe
Lithuania,2018,81,Europe
Mongolia,1980,,Asia
Mongolia,1981,,Asia
Mongolia,1982,,Asia
Mongolia,1983,12,Asia
Mongolia,1984,34,Asia
Mongolia,1985,,Asia
Mongolia,1986,,Asia
Mongolia,1987,,Asia
Mongolia,1988,,Asia
Mongolia,1989,,Asia
Mongolia,1990,,Asia
Mongolia,1991,28,Asia
Mongolia,1992,26,Asia
Mongolia,1993,55,Asia
Mongolia,1994,128,Asia
Mongolia,1995,130,Asia
Mongolia,1996,114,Asia
Mongolia,1997,186,Asia
Mongolia,1998,148,Asia
Mongolia,1999,,Asia
Mongolia,2000,,Asia
Mongolia,2001,106,Asia
Mongolia,2002,121,Asia
Mongolia,2003,167,Asia
Mongolia,2004,143,Asia
Mongolia,2005,100,Asia
Mongolia,2006,103,Asia
Mongolia,2007,,Asia
Mongolia,2008,,Asia
Mongolia,2009,76,Asia
Mongolia,2010,110,Asia
Mongolia,2011,,Asia
Mongolia,2012,,Asia
Mongolia,2013,133,Asia
Mongolia,2014,139,Asia
Mongolia,2015,109,Asia
Mongolia,2016,112,Asia
Mongolia,2017,124,Asia
Mongolia,2018,82,Asia
Latvia,1980,,Europe
Latvia,1981,,Europe
Latvia,1982,,Europe
Latvia,1983,,Europe
Latvia,1984,,Europe
Latvia,1985,,Europe
Latvia,1986,,Europe
Latvia,1987,,Europe
Latvia,1988,,Europe
Latvia,1989,,Europe
Latvia,1990,,Europe
Latvia,1991,,Europe
Latvia,1992,73,Europe
Latvia,1993,155,Europe
Latvia,1994,179,Europe
Latvia,1995,210,Europe
Latvia,1996,196,Europe
Latvia,1997,162,Europe
Latvia,1998,195,Europe
Latvia,1999,91,Europe
Latvia,2000,98,Europe
Latvia,2001,117,Europe
Latvia,2002,150,Europe
Latvia,2003,91,Europe
Latvia,2004,108,Europe
Latvia,2005,112,Europe
Latvia,2006,114,Europe
Latvia,2007,139,Europe
Latvia,2008,206,Europe
Latvia,2009,240,Europe
Latvia,2010,178,Europe
Latvia,2011,173,Europe
Latvia,2012,193,Europe
Latvia,2013,225,Europe
Latvia,2014,103,Europe
Latvia,2015,136,Europe
Latvia,2016,95,Europe
Latvia,2017,90,Europe
Latvia,2018,86,Europe
Peru,1980,82,South America
Peru,1981,50,South America
Peru,1982,56,South America
Peru,1983,77,South America
Peru,1984,,South America
Peru,1985,41,South America
Peru,1986,48,South America
Peru,1987,43,South America
Peru,1988,53,South America
Peru,1989,,South America
Peru,1990,49,South America
Peru,1991,31,South America
Peru,1992,21,South America
Peru,1993,34,South America
Peru,1994,29,South America
Peru,1995,,South America
Peru,1996,52,South America
Peru,1997,48,South America
Peru,1998,,South America
Peru,1999,48,South America
Peru,2000,40,South America
Peru,2001,36,South America
Peru,2002,29,South America
Peru,2003,32,South America
Peru,2004,38,South America
Peru,2005,27,South America
Peru,2006,39,South America
Peru,2007,28,South America
Peru,2008,31,South America
Peru,2009,37,South America
Peru,2010,39,South America
Peru,2011,39,South America
Peru,2012,54,South America
Peru,2013,73,South America
Peru,2014,83,South America
Peru,2015,67,South America
Peru,2016,72,South America
Peru,2017,100,South America
Peru,2018,89,South America
Moldova,1980,,Europe
Moldova,1981,,Europe
Moldova,1982,,Europe
Moldova,1983,,Europe
Moldova,1984,,Europe
Moldova,1985,,Europe
Moldova,1986,,Europe
Moldova,1987,,Europe
Moldova,1988,,Europe
Moldova,1989,,Europe
Moldova,1990,,Europe
Moldova,1991,,Europe
Moldova,1992,,Europe
Moldova,1993,67,Europe
Moldova,1994,237,Europe
Moldova,1995,270,Europe
Moldova,1996,289,Europe
Moldova,1997,295,Europe
Moldova,1998,257,Europe
Moldova,1999,256,Europe
Moldova,2000,240,Europe
Moldova,2001,437,Europe
Moldova,2002,239,Europe
Moldova,2003,293,Europe
Moldova,2004,297,Europe
Moldova,2005,377,Europe
Moldova,2006,303,Europe
Moldova,2007,333,Europe
Moldova,2008,273,Europe
Moldova,2009,134,Europe
Moldova,2010,139,Europe
Moldova,2011,97,Europe
Moldova,2012,93,Europe
Moldova,2013,67,Europe
Moldova,2014,67,Europe
Moldova,2015,64,Europe
Moldova,2016,91,Europe
Moldova,2017,73,Europe
Moldova,2018,92,Europe
Armenia,1980,,Asia
Armenia,1981,,Asia
Armenia,1982,,Asia
Armenia,1983,,Asia
Armenia,1984,,Asia
Armenia,1985,,Asia
Armenia,1986,,Asia
Armenia,1987,,Asia
Armenia,1988,,Asia
Armenia,1989,,Asia
Armenia,1990,,Asia
Armenia,1991,,Asia
Armenia,1992,,Asia
Armenia,1993,184,Asia
Armenia,1994,154,Asia
Armenia,1995,187,Asia
Armenia,1996,162,Asia
Armenia,1997,62,Asia
Armenia,1998,75,Asia
Armenia,1999,109,Asia
Armenia,2000,119,Asia
Armenia,2001,140,Asia
Armenia,2002,200,Asia
Armenia,2003,151,Asia
Armenia,2004,,Asia
Armenia,2005,206,Asia
Armenia,2006,192,Asia
Armenia,2007,135,Asia
Armenia,2008,226,Asia
Armenia,2009,116,Asia
Armenia,2010,136,Asia
Armenia,2011,121,Asia
Armenia,2012,137,Asia
Armenia,2013,125,Asia
Armenia,2014,121,Asia
Armenia,2015,113,Asia
Armenia,2016,125,Asia
Armenia,2017,107,Asia
Armenia,2018,101,Asia
Georgia,1980,,Europe
Georgia,1981,,Europe
Georgia,1982,,Europe
Georgia,1983,,Europe
Georgia,1984,,Europe
Georgia,1985,,Europe
Georgia,1986,,Europe
Georgia,1987,,Europe
Georgia,1988,,Europe
Georgia,1989,,Europe
Georgia,1990,,Europe
Georgia,1991,,Europe
Georgia,1992,365,Europe
Georgia,1993,502,Europe
Georgia,1994,386,Europe
Georgia,1995,287,Europe
Georgia,1996,288,Europe
Georgia,1997,263,Europe
Georgia,1998,277,Europe
Georgia,1999,265,Europe
Georgia,2000,232,Europe
Georgia,2001,254,Europe
Georgia,2002,194,Europe
Georgia,2003,195,Europe
Georgia,2004,249,Europe
Georgia,2005,225,Europe
Georgia,2006,236,Europe
Georgia,2007,248,Europe
Georgia,2008,222,Europe
Georgia,2009,256,Europe
Georgia,2010,183,Europe
Georgia,2011,138,Europe
Georgia,2012,139,Europe
Georgia,2013,114,Europe
Georgia,2014,110,Europe
Georgia,2015,99,Europe
Georgia,2016,96,Europe
Georgia,2017,75,Europe
Georgia,2018,103,Europe
Syrian Arab Republic,1980,6,Asia
Syrian Arab Republic,1981,7,Asia
Syrian Arab Republic,1982,4,Asia
Syrian Arab Republic,1983,,Asia
Syrian Arab Republic,1984,,Asia
Syrian Arab Republic,1985,,Asia
Syrian Arab Republic,1986,,Asia
Syrian Arab Republic,1987,,Asia
Syrian Arab Republic,1988,,Asia
Syrian Arab Republic,1989,,Asia
Syrian Arab Republic,1990,,Asia
Syrian Arab Republic,1991,,Asia
Syrian Arab Republic,1992,53,Asia
Syrian Arab Republic,1993,82,Asia
Syrian Arab Republic,1994,67,Asia
Syrian Arab Republic,1995,129,Asia
Syrian Arab Republic,1996,106,Asia
Syrian Arab Republic,1997,116,Asia
Syrian Arab Republic,1998,54,Asia
Syrian Arab Republic,1999,87,Asia
Syrian Arab Republic,2000,247,Asia
Syrian Arab Republic,2001,189,Asia
Syrian Arab Republic,2002,183,Asia
Syrian Arab Republic,2003,213,Asia
Syrian Arab Republic,2004,205,Asia
Syrian Arab Republic,2005,105,Asia
Syrian Arab Republic,2006,124,Asia
Syrian Arab Republic,2007,,Asia
Syrian Arab Republic,2008,,Asia
Syrian Arab Republic,2009,,Asia
Syrian Arab Republic,2010,,Asia
Syrian Arab Republic,2011,,Asia
Syrian Arab Republic,2012,,Asia
Syrian Arab Republic,2013,,Asia
Syrian Arab Republic,2014,,Asia
Syrian Arab Republic,2015,198,Asia
Syrian Arab Republic,2016,,Asia
Syrian Arab Republic,2017,120,Asia
Syrian Arab Republic,2018,103,Asia
Croatia,1980,,Europe
Croatia,1981,,Europe
Croatia,1982,,Europe
Croatia,1983,,Europe
Croatia,1984,,Europe
Croatia,1985,,Europe
Croatia,1986,,Europe
Croatia,1987,,Europe
Croatia,1988,,Europe
Croatia,1989,,Europe
Croatia,1990,,Europe
Croatia,1991,,Europe
Croatia,1992,479,Europe
Croatia,1993,503,Europe
Croatia,1994,277,Europe
Croatia,1995,265,Europe
Croatia,1996,259,Europe
Croatia,1997,273,Europe
Croatia,1998,267,Europe
Croatia,1999,246,Europe
Croatia,2000,337,Europe
Croatia,2001,362,Europe
Croatia,2002,328,Europe
Croatia,2003,387,Europe
Croatia,2004,385,Europe
Croatia,2005,363,Europe
Croatia,2006,317,Europe
Croatia,2007,344,Europe
Croatia,2008,330,Europe
Croatia,2009,250,Europe
Croatia,2010,257,Europe
Croatia,2011,230,Europe
Croatia,2012,217,Europe
Croatia,2013,230,Europe
Croatia,2014,170,Europe
Croatia,2015,169,Europe
Croatia,2016,175,Europe
Croatia,2017,148,Europe
Croatia,2018,121,Europe
Panama,1980,15,South America
Panama,1981,8,South America
Panama,1982,7,South America
Panama,1983,16,South America
Panama,1984,15,South America
Panama,1985,14,South America
Panama,1986,11,South America
Panama,1987,3,South America
Panama,1988,9,South America
Panama,1989,6,South America
Panama,1990,15,South America
Panama,1991,19,South America
Panama,1992,18,South America
Panama,1993,20,South America
Panama,1994,11,South America
Panama,1995,16,South America
Panama,1996,31,South America
Panama,1997,,South America
Panama,1998,,South America
Panama,1999,,South America
Panama,2000,7,South America
Panama,2001,,South America
Panama,2002,,South America
Panama,2003,,South America
Panama,2004,,South America
Panama,2005,,South America
Panama,2006,,South America
Panama,2007,,South America
Panama,2008,,South America
Panama,2009,,South America
Panama,2010,,South America
Panama,2011,21,South America
Panama,2012,,South America
Panama,2013,9,South America
Panama,2014,13,South America
Panama,2015,14,South America
Panama,2016,68,South America
Panama,2017,33,South America
Panama,2018,135,South America
Algeria,1980,5,Africa
Algeria,1981,14,Africa
Algeria,1982,14,Africa
Algeria,1983,30,Africa
Algeria,1984,30,Africa
Algeria,1985,,Africa
Algeria,1986,,Africa
Algeria,1987,,Africa
Algeria,1988,5,Africa
Algeria,1989,4,Africa
Algeria,1990,6,Africa
Algeria,1991,6,Africa
Algeria,1992,10,Africa
Algeria,1993,8,Africa
Algeria,1994,27,Africa
Algeria,1995,28,Africa
Algeria,1996,50,Africa
Algeria,1997,34,Africa
Algeria,1998,42,Africa
Algeria,1999,36,Africa
Algeria,2000,32,Africa
Algeria,2001,51,Africa
Algeria,2002,43,Africa
Algeria,2003,30,Africa
Algeria,2004,58,Africa
Algeria,2005,59,Africa
Algeria,2006,58,Africa
Algeria,2007,84,Africa
Algeria,2008,,Africa
Algeria,2009,,Africa
Algeria,2010,76,Africa
Algeria,2011,94,Africa
Algeria,2012,119,Africa
Algeria,2013,118,Africa
Algeria,2014,94,Africa
Algeria,2015,89,Africa
Algeria,2016,106,Africa
Algeria,2017,149,Africa
Algeria,2018,152,Africa
Luxembourg,1980,97,Europe
Luxembourg,1981,109,Europe
Luxembourg,1982,94,Europe
Luxembourg,1983,,Europe
Luxembourg,1984,58,Europe
Luxembourg,1985,81,Europe
Luxembourg,1986,80,Europe
Luxembourg,1987,69,Europe
Luxembourg,1988,68,Europe
Luxembourg,1989,58,Europe
Luxembourg,1990,41,Europe
Luxembourg,1991,52,Europe
Luxembourg,1992,,Europe
Luxembourg,1993,73,Europe
Luxembourg,1994,50,Europe
Luxembourg,1995,35,Europe
Luxembourg,1996,52,Europe
Luxembourg,1997,48,Europe
Luxembourg,1998,44,Europe
Luxembourg,1999,24,Europe
Luxembourg,2000,85,Europe
Luxembourg,2001,51,Europe
Luxembourg,2002,41,Europe
Luxembourg,2003,16,Europe
Luxembourg,2004,23,Europe
Luxembourg,2005,24,Europe
Luxembourg,2006,26,Europe
Luxembourg,2007,15,Europe
Luxembourg,2008,48,Europe
Luxembourg,2009,60,Europe
Luxembourg,2010,79,Europe
Luxembourg,2011,85,Europe
Luxembourg,2012,109,Europe
Luxembourg,2013,113,Europe
Luxembourg,2014,128,Europe
Luxembourg,2015,128,Europe
Luxembourg,2016,143,Europe
Luxembourg,2017,156,Europe
Luxembourg,2018,152,Europe
Azerbaijan,1980,,Asia
Azerbaijan,1981,,Asia
Azerbaijan,1982,,Asia
Azerbaijan,1983,,Asia
Azerbaijan,1984,,Asia
Azerbaijan,1985,,Asia
Azerbaijan,1986,,Asia
Azerbaijan,1987,,Asia
Azerbaijan,1988,,Asia
Azerbaijan,1989,,Asia
Azerbaijan,1990,,Asia
Azerbaijan,1991,,Asia
Azerbaijan,1992,,Asia
Azerbaijan,1993,,Asia
Azerbaijan,1994,,Asia
Azerbaijan,1995,221,Asia
Azerbaijan,1996,165,Asia
Azerbaijan,1997,,Asia
Azerbaijan,1998,,Asia
Azerbaijan,1999,,Asia
Azerbaijan,2000,,Asia
Azerbaijan,2001,203,Asia
Azerbaijan,2002,234,Asia
Azerbaijan,2003,246,Asia
Azerbaijan,2004,270,Asia
Azerbaijan,2005,281,Asia
Azerbaijan,2006,246,Asia
Azerbaijan,2007,287,Asia
Azerbaijan,2008,226,Asia
Azerbaijan,2009,264,Asia
Azerbaijan,2010,254,Asia
Azerbaijan,2011,193,Asia
Azerbaijan,2012,144,Asia
Azerbaijan,2013,156,Asia
Azerbaijan,2014,168,Asia
Azerbaijan,2015,184,Asia
Azerbaijan,2016,144,Asia
Azerbaijan,2017,204,Asia
Azerbaijan,2018,155,Asia
Bulgaria,1980,3297,Europe
Bulgaria,1981,3673,Europe
Bulgaria,1982,3628,Europe
Bulgaria,1983,3811,Europe
Bulgaria,1984,3843,Europe
Bulgaria,1985,2,Europe
Bulgaria,1986,1,Europe
Bulgaria,1987,3,Europe
Bulgaria,1988,6,Europe
Bulgaria,1989,63,Europe
Bulgaria,1990,198,Europe
Bulgaria,1991,422,Europe
Bulgaria,1992,329,Europe
Bulgaria,1993,412,Europe
Bulgaria,1994,319,Europe
Bulgaria,1995,368,Europe
Bulgaria,1996,316,Europe
Bulgaria,1997,394,Europe
Bulgaria,1998,274,Europe
Bulgaria,1999,282,Europe
Bulgaria,2000,231,Europe
Bulgaria,2001,283,Europe
Bulgaria,2002,289,Europe
Bulgaria,2003,278,Europe
Bulgaria,2004,263,Europe
Bulgaria,2005,261,Europe
Bulgaria,2006,243,Europe
Bulgaria,2007,211,Europe
Bulgaria,2008,249,Europe
Bulgaria,2009,242,Europe
Bulgaria,2010,243,Europe
Bulgaria,2011,262,Europe
Bulgaria,2012,245,Europe
Bulgaria,2013,282,Europe
Bulgaria,2014,218,Europe
Bulgaria,2015,280,Europe
Bulgaria,2016,230,Europe
Bulgaria,2017,202,Europe
Bulgaria,2018,180,Europe
Tunisia,1980,27,Africa
Tunisia,1981,28,Africa
Tunisia,1982,,Africa
Tunisia,1983,19,Africa
Tunisia,1984,12,Africa
Tunisia,1985,14,Africa
Tunisia,1986,28,Africa
Tunisia,1987,26,Africa
Tunisia,1988,20,Africa
Tunisia,1989,26,Africa
Tunisia,1990,27,Africa
Tunisia,1991,26,Africa
Tunisia,1992,22,Africa
Tunisia,1993,42,Africa
Tunisia,1994,39,Africa
Tunisia,1995,31,Africa
Tunisia,1996,45,Africa
Tunisia,1997,41,Africa
Tunisia,1998,38,Africa
Tunisia,1999,67,Africa
Tunisia,2000,47,Africa
Tunisia,2001,22,Africa
Tunisia,2002,45,Africa
Tunisia,2003,35,Africa
Tunisia,2004,46,Africa
Tunisia,2005,56,Africa
Tunisia,2006,77,Africa
Tunisia,2007,76,Africa
Tunisia,2008,76,Africa
Tunisia,2009,105,Africa
Tunisia,2010,113,Africa
Tunisia,2011,137,Africa
Tunisia,2012,150,Africa
Tunisia,2013,112,Africa
Tunisia,2014,142,Africa
Tunisia,2015,180,Africa
Tunisia,2016,235,Africa
Tunisia,2017,172,Africa
Tunisia,2018,180,Africa
Morocco,1980,29,Africa
Morocco,1981,36,Africa
Morocco,1982,47,Africa
Morocco,1983,16,Africa
Morocco,1984,28,Africa
Morocco,1985,35,Africa
Morocco,1986,29,Africa
Morocco,1987,72,Africa
Morocco,1988,83,Africa
Morocco,1989,60,Africa
Morocco,1990,61,Africa
Morocco,1991,55,Africa
Morocco,1992,,Africa
Morocco,1993,42,Africa
Morocco,1994,107,Africa
Morocco,1995,89,Africa
Morocco,1996,90,Africa
Morocco,1997,,Africa
Morocco,1998,97,Africa
Morocco,1999,,Africa
Morocco,2000,104,Africa
Morocco,2001,,Africa
Morocco,2002,,Africa
Morocco,2003,,Africa
Morocco,2004,104,Africa
Morocco,2005,140,Africa
Morocco,2006,178,Africa
Morocco,2007,150,Africa
Morocco,2008,177,Africa
Morocco,2009,135,Africa
Morocco,2010,152,Africa
Morocco,2011,169,Africa
Morocco,2012,197,Africa
Morocco,2013,316,Africa
Morocco,2014,355,Africa
Morocco,2015,224,Africa
Morocco,2016,237,Africa
Morocco,2017,198,Africa
Morocco,2018,187,Africa
Chile,1980,140,South America
Chile,1981,92,South America
Chile,1982,96,South America
Chile,1983,96,South America
Chile,1984,105,South America
Chile,1985,122,South America
Chile,1986,96,South America
Chile,1987,108,South America
Chile,1988,111,South America
Chile,1989,135,South America
Chile,1990,169,South America
Chile,1991,151,South America
Chile,1992,178,South America
Chile,1993,155,South America
Chile,1994,219,South America
Chile,1995,171,South America
Chile,1996,176,South America
Chile,1997,161,South America
Chile,1998,207,South America
Chile,1999,204,South America
Chile,2000,241,South America
Chile,2001,246,South America
Chile,2002,391,South America
Chile,2003,329,South America
Chile,2004,382,South America
Chile,2005,361,South America
Chile,2006,291,South America
Chile,2007,403,South America
Chile,2008,531,South America
Chile,2009,343,South America
Chile,2010,328,South America
Chile,2011,339,South America
Chile,2012,336,South America
Chile,2013,340,South America
Chile,2014,452,South America
Chile,2015,443,South America
Chile,2016,386,South America
Chile,2017,425,South America
Chile,2018,406,South America
Hungary,1980,1601,Europe
Hungary,1981,2124,Europe
Hungary,1982,2344,Europe
Hungary,1983,2760,Europe
Hungary,1984,2869,Europe
Hungary,1985,2904,Europe
Hungary,1986,2847,Europe
Hungary,1987,3229,Europe
Hungary,1988,3262,Europe
Hungary,1989,2657,Europe
Hungary,1990,2477,Europe
Hungary,1991,2210,Europe
Hungary,1992,1497,Europe
Hungary,1993,1139,Europe
Hungary,1994,1162,Europe
Hungary,1995,1096,Europe
Hungary,1996,803,Europe
Hungary,1997,737,Europe
Hungary,1998,690,Europe
Hungary,1999,729,Europe
Hungary,2000,810,Europe
Hungary,2001,919,Europe
Hungary,2002,842,Europe
Hungary,2003,756,Europe
Hungary,2004,748,Europe
Hungary,2005,705,Europe
Hungary,2006,718,Europe
Hungary,2007,689,Europe
Hungary,2008,683,Europe
Hungary,2009,757,Europe
Hungary,2010,649,Europe
Hungary,2011,662,Europe
Hungary,2012,692,Europe
Hungary,2013,642,Europe
Hungary,2014,546,Europe
Hungary,2015,569,Europe
Hungary,2016,616,Europe
Hungary,2017,496,Europe
Hungary,2018,407,Europe
Colombia,1980,43,South America
Colombia,1981,39,South America
Colombia,1982,,South America
Colombia,1983,82,South America
Colombia,1984,69,South America
Colombia,1985,72,South America
Colombia,1986,81,South America
Colombia,1987,52,South America
Colombia,1988,85,South America
Colombia,1989,90,South America
Colombia,1990,,South America
Colombia,1991,85,South America
Colombia,1992,120,South America
Colombia,1993,138,South America
Colombia,1994,124,South America
Colombia,1995,141,South America
Colombia,1996,87,South America
Colombia,1997,80,South America
Colombia,1998,161,South America
Colombia,1999,68,South America
Colombia,2000,75,South America
Colombia,2001,65,South America
Colombia,2002,54,South America
Colombia,2003,82,South America
Colombia,2004,76,South America
Colombia,2005,99,South America
Colombia,2006,142,South America
Colombia,2007,128,South America
Colombia,2008,126,South America
Colombia,2009,128,South America
Colombia,2010,133,South America
Colombia,2011,183,South America
Colombia,2012,213,South America
Colombia,2013,251,South America
Colombia,2014,260,South America
Colombia,2015,321,South America
Colombia,2016,545,South America
Colombia,2017,595,South America
Colombia,2018,415,South America
Argentina,1980,1269,South America
Argentina,1981,954,South America
Argentina,1982,951,South America
Argentina,1983,1102,South America
Argentina,1984,1182,South America
Argentina,1985,,South America
Argentina,1986,,South America
Argentina,1987,,South America
Argentina,1988,,South America
Argentina,1989,,South America
Argentina,1990,955,South America
Argentina,1991,943,South America
Argentina,1992,503,South America
Argentina,1993,787,South America
Argentina,1994,694,South America
Argentina,1995,676,South America
Argentina,1996,1097,South America
Argentina,1997,824,South America
Argentina,1998,861,South America
Argentina,1999,899,South America
Argentina,2000,1062,South America
Argentina,2001,691,South America
Argentina,2002,718,South America
Argentina,2003,792,South America
Argentina,2004,786,South America
Argentina,2005,1054,South America
Argentina,2006,1020,South America
Argentina,2007,937,South America
Argentina,2008,801,South America
Argentina,2009,640,South America
Argentina,2010,552,South America
Argentina,2011,688,South America
Argentina,2012,735,South America
Argentina,2013,643,South America
Argentina,2014,509,South America
Argentina,2015,546,South America
Argentina,2016,884,South America
Argentina,2017,393,South America
Argentina,2018,425,South America
Greece,1980,1265,Europe
Greece,1981,1221,Europe
Greece,1982,1264,Europe
Greece,1983,1191,Europe
Greece,1984,1277,Europe
Greece,1985,1121,Europe
Greece,1986,1249,Europe
Greece,1987,1539,Europe
Greece,1988,205,Europe
Greece,1989,216,Europe
Greece,1990,241,Europe
Greece,1991,188,Europe
Greece,1992,222,Europe
Greece,1993,221,Europe
Greece,1994,267,Europe
Greece,1995,266,Europe
Greece,1996,267,Europe
Greece,1997,293,Europe
Greece,1998,276,Europe
Greece,1999,290,Europe
Greece,2000,306,Europe
Greece,2001,385,Europe
Greece,2002,376,Europe
Greece,2003,393,Europe
Greece,2004,379,Europe
Greece,2005,462,Europe
Greece,2006,532,Europe
Greece,2007,575,Europe
Greece,2008,628,Europe
Greece,2009,698,Europe
Greece,2010,728,Europe
Greece,2011,721,Europe
Greece,2012,628,Europe
Greece,2013,698,Europe
Greece,2014,651,Europe
Greece,2015,550,Europe
Greece,2016,606,Europe
Greece,2017,498,Europe
Greece,2018,430,Europe
Philippines,1980,119,Asia
Philippines,1981,91,Asia
Philippines,1982,134,Asia
Philippines,1983,63,Asia
Philippines,1984,102,Asia
Philippines,1985,91,Asia
Philippines,1986,75,Asia
Philippines,1987,76,Asia
Philippines,1988,86,Asia
Philippines,1989,71,Asia
Philippines,1990,147,Asia
Philippines,1991,147,Asia
Philippines,1992,133,Asia
Philippines,1993,178,Asia
Philippines,1994,181,Asia
Philippines,1995,169,Asia
Philippines,1996,163,Asia
Philippines,1997,125,Asia
Philippines,1998,163,Asia
Philippines,1999,144,Asia
Philippines,2000,154,Asia
Philippines,2001,135,Asia
Philippines,2002,149,Asia
Philippines,2003,141,Asia
Philippines,2004,158,Asia
Philippines,2005,210,Asia
Philippines,2006,223,Asia
Philippines,2007,225,Asia
Philippines,2008,216,Asia
Philippines,2009,172,Asia
Philippines,2010,170,Asia
Philippines,2011,186,Asia
Philippines,2012,162,Asia
Philippines,2013,220,Asia
Philippines,2014,334,Asia
Philippines,2015,375,Asia
Philippines,2016,327,Asia
Philippines,2017,323,Asia
Philippines,2018,529,Asia
Vietnam,1980,,Asia
Vietnam,1981,,Asia
Vietnam,1982,,Asia
Vietnam,1983,,Asia
Vietnam,1984,52,Asia
Vietnam,1985,,Asia
Vietnam,1986,7,Asia
Vietnam,1987,,Asia
Vietnam,1988,20,Asia
Vietnam,1989,46,Asia
Vietnam,1990,58,Asia
Vietnam,1991,37,Asia
Vietnam,1992,34,Asia
Vietnam,1993,32,Asia
Vietnam,1994,22,Asia
Vietnam,1995,23,Asia
Vietnam,1996,37,Asia
Vietnam,1997,30,Asia
Vietnam,1998,25,Asia
Vietnam,1999,35,Asia
Vietnam,2000,34,Asia
Vietnam,2001,52,Asia
Vietnam,2002,69,Asia
Vietnam,2003,78,Asia
Vietnam,2004,103,Asia
Vietnam,2005,180,Asia
Vietnam,2006,196,Asia
Vietnam,2007,219,Asia
Vietnam,2008,204,Asia
Vietnam,2009,258,Asia
Vietnam,2010,306,Asia
Vietnam,2011,300,Asia
Vietnam,2012,382,Asia
Vietnam,2013,443,Asia
Vietnam,2014,487,Asia
Vietnam,2015,582,Asia
Vietnam,2016,560,Asia
Vietnam,2017,592,Asia
Vietnam,2018,646,Asia
South Africa,1980,3092,Africa
South Africa,1981,3340,Africa
South Africa,1982,3017,Africa
South Africa,1983,4240,Africa
South Africa,1984,3874,Africa
South Africa,1985,4051,Africa
South Africa,1986,4730,Africa
South Africa,1987,4922,Africa
South Africa,1988,4829,Africa
South Africa,1989,5134,Africa
South Africa,1990,1093,Africa
South Africa,1991,1023,Africa
South Africa,1992,888,Africa
South Africa,1993,904,Africa
South Africa,1994,935,Africa
South Africa,1995,883,Africa
South Africa,1996,757,Africa
South Africa,1997,355,Africa
South Africa,1998,200,Africa
South Africa,1999,138,Africa
South Africa,2000,895,Africa
South Africa,2001,966,Africa
South Africa,2002,983,Africa
South Africa,2003,922,Africa
South Africa,2004,956,Africa
South Africa,2005,1003,Africa
South Africa,2006,866,Africa
South Africa,2007,915,Africa
South Africa,2008,860,Africa
South Africa,2009,822,Africa
South Africa,2010,821,Africa
South Africa,2011,656,Africa
South Africa,2012,608,Africa
South Africa,2013,638,Africa
South Africa,2014,802,Africa
South Africa,2015,889,Africa
South Africa,2016,704,Africa
South Africa,2017,728,Africa
South Africa,2018,657,Africa
Portugal,1980,92,Europe
Portugal,1981,90,Europe
Portugal,1982,92,Europe
Portugal,1983,91,Europe
Portugal,1984,96,Europe
Portugal,1985,85,Europe
Portugal,1986,77,Europe
Portugal,1987,61,Europe
Portugal,1988,54,Europe
Portugal,1989,86,Europe
Portugal,1990,101,Europe
Portugal,1991,102,Europe
Portugal,1992,69,Europe
Portugal,1993,88,Europe
Portugal,1994,103,Europe
Portugal,1995,81,Europe
Portugal,1996,86,Europe
Portugal,1997,71,Europe
Portugal,1998,96,Europe
Portugal,1999,81,Europe
Portugal,2000,81,Europe
Portugal,2001,107,Europe
Portugal,2002,130,Europe
Portugal,2003,125,Europe
Portugal,2004,123,Europe
Portugal,2005,158,Europe
Portugal,2006,184,Europe
Portugal,2007,250,Europe
Portugal,2008,381,Europe
Portugal,2009,571,Europe
Portugal,2010,499,Europe
Portugal,2011,571,Europe
Portugal,2012,621,Europe
Portugal,2013,647,Europe
Portugal,2014,722,Europe
Portugal,2015,925,Europe
Portugal,2016,724,Europe
Portugal,2017,644,Europe
Portugal,2018,661,Europe
Czech Republic,1980,,Europe
Czech Republic,1981,,Europe
Czech Republic,1982,,Europe
Czech Republic,1983,,Europe
Czech Republic,1984,,Europe
Czech Republic,1985,,Europe
Czech Republic,1986,,Europe
Czech Republic,1987,,Europe
Czech Republic,1988,,Europe
Czech Republic,1989,,Europe
Czech Republic,1990,,Europe
Czech Republic,1991,,Europe
Czech Republic,1992,,Europe
Czech Republic,1993,893,Europe
Czech Republic,1994,756,Europe
Czech Republic,1995,626,Europe
Czech Republic,1996,614,Europe
Czech Republic,1997,579,Europe
Czech Republic,1998,624,Europe
Czech Republic,1999,596,Europe
Czech Republic,2000,555,Europe
Czech Republic,2001,568,Europe
Czech Republic,2002,526,Europe
Czech Republic,2003,625,Europe
Czech Republic,2004,623,Europe
Czech Republic,2005,586,Europe
Czech Republic,2006,641,Europe
Czech Republic,2007,716,Europe
Czech Republic,2008,712,Europe
Czech Republic,2009,789,Europe
Czech Republic,2010,868,Europe
Czech Republic,2011,783,Europe
Czech Republic,2012,867,Europe
Czech Republic,2013,984,Europe
Czech Republic,2014,910,Europe
Czech Republic,2015,880,Europe
Czech Republic,2016,792,Europe
Czech Republic,2017,794,Europe
Czech Republic,2018,678,Europe
Belgium,1980,865,Europe
Belgium,1981,806,Europe
Belgium,1982,914,Europe
Belgium,1983,805,Europe
Belgium,1984,869,Europe
Belgium,1985,771,Europe
Belgium,1986,794,Europe
Belgium,1987,548,Europe
Belgium,1988,636,Europe
Belgium,1989,681,Europe
Belgium,1990,643,Europe
Belgium,1991,625,Europe
Belgium,1992,675,Europe
Belgium,1993,809,Europe
Belgium,1994,744,Europe
Belgium,1995,732,Europe
Belgium,1996,776,Europe
Belgium,1997,792,Europe
Belgium,1998,690,Europe
Belgium,1999,591,Europe
Belgium,2000,577,Europe
Belgium,2001,571,Europe
Belgium,2002,601,Europe
Belgium,2003,519,Europe
Belgium,2004,514,Europe
Belgium,2005,517,Europe
Belgium,2006,490,Europe
Belgium,2007,454,Europe
Belgium,2008,575,Europe
Belgium,2009,669,Europe
Belgium,2010,620,Europe
Belgium,2011,636,Europe
Belgium,2012,755,Europe
Belgium,2013,715,Europe
Belgium,2014,889,Europe
Belgium,2015,949,Europe
Belgium,2016,1054,Europe
Belgium,2017,1001,Europe
Belgium,2018,892,Europe
Thailand,1980,13,Asia
Thailand,1981,26,Asia
Thailand,1982,40,Asia
Thailand,1983,48,Asia
Thailand,1984,49,Asia
Thailand,1985,55,Asia
Thailand,1986,60,Asia
Thailand,1987,68,Asia
Thailand,1988,78,Asia
Thailand,1989,43,Asia
Thailand,1990,73,Asia
Thailand,1991,80,Asia
Thailand,1992,67,Asia
Thailand,1993,110,Asia
Thailand,1994,150,Asia
Thailand,1995,145,Asia
Thailand,1996,203,Asia
Thailand,1997,246,Asia
Thailand,1998,479,Asia
Thailand,1999,738,Asia
Thailand,2000,561,Asia
Thailand,2001,534,Asia
Thailand,2002,615,Asia
Thailand,2003,802,Asia
Thailand,2004,819,Asia
Thailand,2005,891,Asia
Thailand,2006,1040,Asia
Thailand,2007,945,Asia
Thailand,2008,902,Asia
Thailand,2009,1025,Asia
Thailand,2010,1214,Asia
Thailand,2011,927,Asia
Thailand,2012,1020,Asia
Thailand,2013,1572,Asia
Thailand,2014,1006,Asia
Thailand,2015,1029,Asia
Thailand,2016,1098,Asia
Thailand,2017,979,Asia
Thailand,2018,904,Asia
New Zealand,1980,1148,Asia
New Zealand,1981,1033,Asia
New Zealand,1982,986,Asia
New Zealand,1983,1110,Asia
New Zealand,1984,1001,Asia
New Zealand,1985,1008,Asia
New Zealand,1986,957,Asia
New Zealand,1987,912,Asia
New Zealand,1988,803,Asia
New Zealand,1989,807,Asia
New Zealand,1990,802,Asia
New Zealand,1991,983,Asia
New Zealand,1992,1031,Asia
New Zealand,1993,1236,Asia
New Zealand,1994,1254,Asia
New Zealand,1995,1284,Asia
New Zealand,1996,1275,Asia
New Zealand,1997,1572,Asia
New Zealand,1998,1181,Asia
New Zealand,1999,1420,Asia
New Zealand,2000,1463,Asia
New Zealand,2001,1768,Asia
New Zealand,2002,1839,Asia
New Zealand,2003,1845,Asia
New Zealand,2004,1631,Asia
New Zealand,2005,1893,Asia
New Zealand,2006,2153,Asia
New Zealand,2007,1892,Asia
New Zealand,2008,1256,Asia
New Zealand,2009,1555,Asia
New Zealand,2010,1585,Asia
New Zealand,2011,1501,Asia
New Zealand,2012,1425,Asia
New Zealand,2013,1614,Asia
New Zealand,2014,1636,Asia
New Zealand,2015,1184,Asia
New Zealand,2016,1075,Asia
New Zealand,2017,1014,Asia
New Zealand,2018,1017,Asia
Kazakhstan,1980,,Asia
Kazakhstan,1981,,Asia
Kazakhstan,1982,,Asia
Kazakhstan,1983,,Asia
Kazakhstan,1984,,Asia
Kazakhstan,1985,,Asia
Kazakhstan,1986,,Asia
Kazakhstan,1987,,Asia
Kazakhstan,1988,,Asia
Kazakhstan,1989,,Asia
Kazakhstan,1990,,Asia
Kazakhstan,1991,,Asia
Kazakhstan,1992,433,Asia
Kazakhstan,1993,3223,Asia
Kazakhstan,1994,1393,Asia
Kazakhstan,1995,1031,Asia
Kazakhstan,1996,1022,Asia
Kazakhstan,1997,1171,Asia
Kazakhstan,1998,1244,Asia
Kazakhstan,1999,1352,Asia
Kazakhstan,2000,1399,Asia
Kazakhstan,2001,1607,Asia
Kazakhstan,2002,1594,Asia
Kazakhstan,2003,1696,Asia
Kazakhstan,2004,1756,Asia
Kazakhstan,2005,1523,Asia
Kazakhstan,2006,1433,Asia
Kazakhstan,2007,1633,Asia
Kazakhstan,2008,1483,Asia
Kazakhstan,2009,1513,Asia
Kazakhstan,2010,1691,Asia
Kazakhstan,2011,1415,Asia
Kazakhstan,2012,,Asia
Kazakhstan,2013,1824,Asia
Kazakhstan,2014,1742,Asia
Kazakhstan,2015,1271,Asia
Kazakhstan,2016,993,Asia
Kazakhstan,2017,1055,Asia
Kazakhstan,2018,789,Asia
Saudi Arabia,1980,,Asia
Saudi Arabia,1981,,Asia
Saudi Arabia,1982,,Asia
Saudi Arabia,1983,,Asia
Saudi Arabia,1984,,Asia
Saudi Arabia,1985,,Asia
Saudi Arabia,1986,,Asia
Saudi Arabia,1987,,Asia
Saudi Arabia,1988,,Asia
Saudi Arabia,1989,12,Asia
Saudi Arabia,1990,16,Asia
Saudi Arabia,1991,27,Asia
Saudi Arabia,1992,21,Asia
Saudi Arabia,1993,21,Asia
Saudi Arabia,1994,33,Asia
Saudi Arabia,1995,28,Asia
Saudi Arabia,1996,27,Asia
Saudi Arabia,1997,57,Asia
Saudi Arabia,1998,45,Asia
Saudi Arabia,1999,72,Asia
Saudi Arabia,2000,76,Asia
Saudi Arabia,2001,46,Asia
Saudi Arabia,2002,61,Asia
Saudi Arabia,2003,56,Asia
Saudi Arabia,2004,81,Asia
Saudi Arabia,2005,119,Asia
Saudi Arabia,2006,119,Asia
Saudi Arabia,2007,128,Asia
Saudi Arabia,2008,,Asia
Saudi Arabia,2009,,Asia
Saudi Arabia,2010,288,Asia
Saudi Arabia,2011,347,Asia
Saudi Arabia,2012,,Asia
Saudi Arabia,2013,491,Asia
Saudi Arabia,2014,652,Asia
Saudi Arabia,2015,715,Asia
Saudi Arabia,2016,1070,Asia
Saudi Arabia,2017,909,Asia
Saudi Arabia,2018,1078,Asia
Norway,1980,716,Europe
Norway,1981,714,Europe
Norway,1982,693,Europe
Norway,1983,825,Europe
Norway,1984,961,Europe
Norway,1985,923,Europe
Norway,1986,903,Europe
Norway,1987,884,Europe
Norway,1988,904,Europe
Norway,1989,1015,Europe
Norway,1990,899,Europe
Norway,1991,924,Europe
Norway,1992,941,Europe
Norway,1993,1031,Europe
Norway,1994,1074,Europe
Norway,1995,1128,Europe
Norway,1996,1291,Europe
Norway,1997,1256,Europe
Norway,1998,1213,Europe
Norway,1999,1335,Europe
Norway,2000,1311,Europe
Norway,2001,1189,Europe
Norway,2002,1178,Europe
Norway,2003,1079,Europe
Norway,2004,1142,Europe
Norway,2005,1143,Europe
Norway,2006,1119,Europe
Norway,2007,1225,Europe
Norway,2008,1150,Europe
Norway,2009,1246,Europe
Norway,2010,1117,Europe
Norway,2011,1122,Europe
Norway,2012,1009,Europe
Norway,2013,1101,Europe
Norway,2014,1106,Europe
Norway,2015,1153,Europe
Norway,2016,1227,Europe
Norway,2017,1152,Europe
Norway,2018,1082,Europe
Egypt,1980,76,Asia
Egypt,1981,59,Asia
Egypt,1982,53,Asia
Egypt,1983,88,Asia
Egypt,1984,128,Asia
Egypt,1985,168,Asia
Egypt,1986,142,Asia
Egypt,1987,170,Asia
Egypt,1988,190,Asia
Egypt,1989,186,Asia
Egypt,1990,278,Asia
Egypt,1991,308,Asia
Egypt,1992,301,Asia
Egypt,1993,328,Asia
Egypt,1994,308,Asia
Egypt,1995,408,Asia
Egypt,1996,504,Asia
Egypt,1997,,Asia
Egypt,1998,494,Asia
Egypt,1999,536,Asia
Egypt,2000,534,Asia
Egypt,2001,464,Asia
Egypt,2002,627,Asia
Egypt,2003,493,Asia
Egypt,2004,382,Asia
Egypt,2005,428,Asia
Egypt,2006,,Asia
Egypt,2007,516,Asia
Egypt,2008,481,Asia
Egypt,2009,490,Asia
Egypt,2010,605,Asia
Egypt,2011,618,Asia
Egypt,2012,683,Asia
Egypt,2013,641,Asia
Egypt,2014,752,Asia
Egypt,2015,718,Asia
Egypt,2016,920,Asia
Egypt,2017,1025,Asia
Egypt,2018,997,Asia
Romania,1980,2569,Europe
Romania,1981,2481,Europe
Romania,1982,2724,Europe
Romania,1983,3108,Europe
Romania,1984,3446,Europe
Romania,1985,4201,Europe
Romania,1986,4394,Europe
Romania,1987,4821,Europe
Romania,1988,5615,Europe
Romania,1989,5868,Europe
Romania,1990,2752,Europe
Romania,1991,2015,Europe
Romania,1992,1457,Europe
Romania,1993,1414,Europe
Romania,1994,1633,Europe
Romania,1995,1811,Europe
Romania,1996,1831,Europe
Romania,1997,1708,Europe
Romania,1998,1299,Europe
Romania,1999,1061,Europe
Romania,2000,1003,Europe
Romania,2001,1128,Europe
Romania,2002,1478,Europe
Romania,2003,881,Europe
Romania,2004,937,Europe
Romania,2005,916,Europe
Romania,2006,814,Europe
Romania,2007,827,Europe
Romania,2008,995,Europe
Romania,2009,1054,Europe
Romania,2010,1382,Europe
Romania,2011,1424,Europe
Romania,2012,1022,Europe
Romania,2013,993,Europe
Romania,2014,952,Europe
Romania,2015,975,Europe
Romania,2016,1005,Europe
Romania,2017,1098,Europe
Romania,2018,1100,Asia
Malaysia,1980,,Asia
Malaysia,1981,,Asia
Malaysia,1982,,Asia
Malaysia,1983,,Asia
Malaysia,1984,,Asia
Malaysia,1985,8,Asia
Malaysia,1986,29,Asia
Malaysia,1987,71,Asia
Malaysia,1988,73,Asia
Malaysia,1989,84,Asia
Malaysia,1990,92,Asia
Malaysia,1991,106,Asia
Malaysia,1992,151,Asia
Malaysia,1993,198,Asia
Malaysia,1994,223,Asia
Malaysia,1995,141,Asia
Malaysia,1996,221,Asia
Malaysia,1997,179,Asia
Malaysia,1998,193,Asia
Malaysia,1999,218,Asia
Malaysia,2000,206,Asia
Malaysia,2001,271,Asia
Malaysia,2002,322,Asia
Malaysia,2003,376,Asia
Malaysia,2004,522,Asia
Malaysia,2005,522,Asia
Malaysia,2006,531,Asia
Malaysia,2007,670,Asia
Malaysia,2008,818,Asia
Malaysia,2009,1234,Asia
Malaysia,2010,1231,Asia
Malaysia,2011,1076,Asia
Malaysia,2012,1114,Asia
Malaysia,2013,1199,Asia
Malaysia,2014,1353,Asia
Malaysia,2015,1272,Asia
Malaysia,2016,1109,Asia
Malaysia,2017,1166,Asia
Malaysia,2018,1116,Asia
Denmark,1980,964,Europe
Denmark,1981,1085,Europe
Denmark,1982,1095,Europe
Denmark,1983,1167,Europe
Denmark,1984,966,Europe
Denmark,1985,856,Europe
Denmark,1986,958,Europe
Denmark,1987,1007,Europe
Denmark,1988,1197,Europe
Denmark,1989,1120,Europe
Denmark,1990,1218,Europe
Denmark,1991,1061,Europe
Denmark,1992,1204,Europe
Denmark,1993,1159,Europe
Denmark,1994,1274,Europe
Denmark,1995,1234,Europe
Denmark,1996,1309,Europe
Denmark,1997,1319,Europe
Denmark,1998,1543,Europe
Denmark,1999,1656,Europe
Denmark,2000,1730,Europe
Denmark,2001,1757,Europe
Denmark,2002,1815,Europe
Denmark,2003,1772,Europe
Denmark,2004,1877,Europe
Denmark,2005,1658,Europe
Denmark,2006,1503,Europe
Denmark,2007,1660,Europe
Denmark,2008,1634,Europe
Denmark,2009,1518,Europe
Denmark,2010,1626,Europe
Denmark,2011,1574,Europe
Denmark,2012,1406,Europe
Denmark,2013,1341,Europe
Denmark,2014,1377,Europe
Denmark,2015,1462,Europe
Denmark,2016,1552,Europe
Denmark,2017,1490,Europe
Denmark,2018,1262,Europe
Switzerland,1980,4049,Europe
Switzerland,1981,3712,Europe
Switzerland,1982,3845,Europe
Switzerland,1983,3817,Europe
Switzerland,1984,3393,Europe
Switzerland,1985,3191,Europe
Switzerland,1986,3199,Europe
Switzerland,1987,3298,Europe
Switzerland,1988,3236,Europe
Switzerland,1989,3247,Europe
Switzerland,1990,2987,Europe
Switzerland,1991,2949,Europe
Switzerland,1992,3068,Europe
Switzerland,1993,2999,Europe
Switzerland,1994,3033,Europe
Switzerland,1995,2890,Europe
Switzerland,1996,2504,Europe
Switzerland,1997,2408,Europe
Switzerland,1998,2025,Europe
Switzerland,1999,1916,Europe
Switzerland,2000,2083,Europe
Switzerland,2001,1859,Europe
Switzerland,2002,1827,Europe
Switzerland,2003,1831,Europe
Switzerland,2004,1742,Europe
Switzerland,2005,1643,Europe
Switzerland,2006,1740,Europe
Switzerland,2007,1692,Europe
Switzerland,2008,1594,Europe
Switzerland,2009,1684,Europe
Switzerland,2010,1622,Europe
Switzerland,2011,1597,Europe
Switzerland,2012,1480,Europe
Switzerland,2013,1525,Europe
Switzerland,2014,1480,Europe
Switzerland,2015,1477,Europe
Switzerland,2016,1462,Europe
Switzerland,2017,1337,Europe
Switzerland,2018,1283,Europe
Finland,1980,1356,Europe
Finland,1981,1423,Europe
Finland,1982,1638,Europe
Finland,1983,1719,Europe
Finland,1984,1775,Europe
Finland,1985,1727,Europe
Finland,1986,1754,Europe
Finland,1987,1859,Europe
Finland,1988,1981,Europe
Finland,1989,1948,Europe
Finland,1990,2059,Europe
Finland,1991,2123,Europe
Finland,1992,2052,Europe
Finland,1993,2166,Europe
Finland,1994,2306,Europe
Finland,1995,2058,Europe
Finland,1996,2179,Europe
Finland,1997,2355,Europe
Finland,1998,2471,Europe
Finland,1999,2511,Europe
Finland,2000,2579,Europe
Finland,2001,2390,Europe
Finland,2002,2162,Europe
Finland,2003,1972,Europe
Finland,2004,2011,Europe
Finland,2005,1830,Europe
Finland,2006,1816,Europe
Finland,2007,1804,Europe
Finland,2008,1799,Europe
Finland,2009,1806,Europe
Finland,2010,1731,Europe
Finland,2011,1650,Europe
Finland,2012,1698,Europe
Finland,2013,1596,Europe
Finland,2014,1419,Europe
Finland,2015,1289,Europe
Finland,2016,1260,Europe
Finland,2017,1390,Europe
Finland,2018,1387,Europe
Indonesia,1980,5,Asia
Indonesia,1981,,Asia
Indonesia,1982,16,Asia
Indonesia,1983,40,Asia
Indonesia,1984,26,Asia
Indonesia,1985,49,Asia
Indonesia,1986,32,Asia
Indonesia,1987,62,Asia
Indonesia,1988,,Asia
Indonesia,1989,113,Asia
Indonesia,1990,,Asia
Indonesia,1991,34,Asia
Indonesia,1992,67,Asia
Indonesia,1993,38,Asia
Indonesia,1994,29,Asia
Indonesia,1995,61,Asia
Indonesia,1996,40,Asia
Indonesia,1997,79,Asia
Indonesia,1998,93,Asia
Indonesia,1999,152,Asia
Indonesia,2000,157,Asia
Indonesia,2001,212,Asia
Indonesia,2002,234,Asia
Indonesia,2003,201,Asia
Indonesia,2004,227,Asia
Indonesia,2005,235,Asia
Indonesia,2006,288,Asia
Indonesia,2007,284,Asia
Indonesia,2008,386,Asia
Indonesia,2009,415,Asia
Indonesia,2010,508,Asia
Indonesia,2011,533,Asia
Indonesia,2012,,Asia
Indonesia,2013,663,Asia
Indonesia,2014,702,Asia
Indonesia,2015,1058,Asia
Indonesia,2016,1101,Asia
Indonesia,2017,2271,Asia
Indonesia,2018,1407,Asia
Israel,1980,669,Asia
Israel,1981,727,Asia
Israel,1982,707,Asia
Israel,1983,687,Asia
Israel,1984,696,Asia
Israel,1985,790,Asia
Israel,1986,819,Asia
Israel,1987,823,Asia
Israel,1988,995,Asia
Israel,1989,1042,Asia
Israel,1990,1052,Asia
Israel,1991,1087,Asia
Israel,1992,1400,Asia
Israel,1993,1318,Asia
Israel,1994,1261,Asia
Israel,1995,1266,Asia
Israel,1996,1218,Asia
Israel,1997,1441,Asia
Israel,1998,1950,Asia
Israel,1999,2053,Asia
Israel,2000,1599,Asia
Israel,2001,1248,Asia
Israel,2002,1213,Asia
Israel,2003,1329,Asia
Israel,2004,1544,Asia
Israel,2005,1669,Asia
Israel,2006,1342,Asia
Israel,2007,1615,Asia
Israel,2008,1528,Asia
Israel,2009,1387,Asia
Israel,2010,1450,Asia
Israel,2011,1360,Asia
Israel,2012,1319,Asia
Israel,2013,1201,Asia
Israel,2014,1125,Asia
Israel,2015,1285,Asia
Israel,2016,1300,Asia
Israel,2017,1436,Asia
Israel,2018,1506,Asia
Spain,1980,1876,Europe
Spain,1981,1718,Europe
Spain,1982,1646,Europe
Spain,1983,1498,Europe
Spain,1984,1784,Europe
Spain,1985,2149,Europe
Spain,1986,1649,Europe
Spain,1987,1720,Europe
Spain,1988,1816,Europe
Spain,1989,2087,Europe
Spain,1990,2218,Europe
Spain,1991,2156,Europe
Spain,1992,2076,Europe
Spain,1993,2165,Europe
Spain,1994,2136,Europe
Spain,1995,2047,Europe
Spain,1996,2274,Europe
Spain,1997,2237,Europe
Spain,1998,2271,Europe
Spain,1999,2439,Europe
Spain,2000,2710,Europe
Spain,2001,2528,Europe
Spain,2002,2763,Europe
Spain,2003,2813,Europe
Spain,2004,2871,Europe
Spain,2005,3040,Europe
Spain,2006,3111,Europe
Spain,2007,3267,Europe
Spain,2008,3632,Europe
Spain,2009,3596,Europe
Spain,2010,3566,Europe
Spain,2011,3430,Europe
Spain,2012,3266,Europe
Spain,2013,3026,Europe
Spain,2014,2953,Europe
Spain,2015,2799,Europe
Spain,2016,2745,Europe
Spain,2017,2167,Europe
Spain,2018,1525,Europe
Mexico,1980,704,South America
Mexico,1981,765,South America
Mexico,1982,550,South America
Mexico,1983,730,South America
Mexico,1984,688,South America
Mexico,1985,590,South America
Mexico,1986,629,South America
Mexico,1987,742,South America
Mexico,1988,652,South America
Mexico,1989,757,South America
Mexico,1990,661,South America
Mexico,1991,564,South America
Mexico,1992,565,South America
Mexico,1993,553,South America
Mexico,1994,498,South America
Mexico,1995,432,South America
Mexico,1996,386,South America
Mexico,1997,420,South America
Mexico,1998,453,South America
Mexico,1999,455,South America
Mexico,2000,431,South America
Mexico,2001,534,South America
Mexico,2002,526,South America
Mexico,2003,468,South America
Mexico,2004,565,South America
Mexico,2005,584,South America
Mexico,2006,574,South America
Mexico,2007,629,South America
Mexico,2008,685,South America
Mexico,2009,822,South America
Mexico,2010,951,South America
Mexico,2011,1065,South America
Mexico,2012,1294,South America
Mexico,2013,1210,South America
Mexico,2014,1246,South America
Mexico,2015,1364,South America
Mexico,2016,1310,South America
Mexico,2017,1334,South America
Mexico,2018,1555,South America
Singapore,1980,2,Asia
Singapore,1981,4,Asia
Singapore,1982,,Asia
Singapore,1983,5,Asia
Singapore,1984,4,Asia
Singapore,1985,4,Asia
Singapore,1986,,Asia
Singapore,1987,,Asia
Singapore,1988,,Asia
Singapore,1989,,Asia
Singapore,1990,,Asia
Singapore,1991,,Asia
Singapore,1992,,Asia
Singapore,1993,,Asia
Singapore,1994,,Asia
Singapore,1995,145,Asia
Singapore,1996,224,Asia
Singapore,1997,288,Asia
Singapore,1998,311,Asia
Singapore,1999,374,Asia
Singapore,2000,516,Asia
Singapore,2001,524,Asia
Singapore,2002,624,Asia
Singapore,2003,626,Asia
Singapore,2004,641,Asia
Singapore,2005,569,Asia
Singapore,2006,626,Asia
Singapore,2007,696,Asia
Singapore,2008,793,Asia
Singapore,2009,750,Asia
Singapore,2010,895,Asia
Singapore,2011,1056,Asia
Singapore,2012,1081,Asia
Singapore,2013,1143,Asia
Singapore,2014,1303,Asia
Singapore,2015,1469,Asia
Singapore,2016,1601,Asia
Singapore,2017,1609,Asia
Singapore,2018,1575,Asia
Sweden,1980,4106,Europe
Sweden,1981,3914,Europe
Sweden,1982,4087,Europe
Sweden,1983,4283,Europe
Sweden,1984,3969,Europe
Sweden,1985,3840,Europe
Sweden,1986,3685,Europe
Sweden,1987,3521,Europe
Sweden,1988,3260,Europe
Sweden,1989,3147,Europe
Sweden,1990,3108,Europe
Sweden,1991,3154,Europe
Sweden,1992,3291,Europe
Sweden,1993,3760,Europe
Sweden,1994,3953,Europe
Sweden,1995,3941,Europe
Sweden,1996,4111,Europe
Sweden,1997,4130,Europe
Sweden,1998,3972,Europe
Sweden,1999,4142,Europe
Sweden,2000,4224,Europe
Sweden,2001,3926,Europe
Sweden,2002,3358,Europe
Sweden,2003,3025,Europe
Sweden,2004,2768,Europe
Sweden,2005,2522,Europe
Sweden,2006,2446,Europe
Sweden,2007,2527,Europe
Sweden,2008,2549,Europe
Sweden,2009,2186,Europe
Sweden,2010,2196,Europe
Sweden,2011,2004,Europe
Sweden,2012,2288,Europe
Sweden,2013,2332,Europe
Sweden,2014,1984,Europe
Sweden,2015,2038,Europe
Sweden,2016,2032,Europe
Sweden,2017,1992,Europe
Sweden,2018,1838,Europe
Austria,1980,2327,Europe
Austria,1981,2390,Europe
Austria,1982,2233,Europe
Austria,1983,2345,Europe
Austria,1984,2324,Europe
Austria,1985,2269,Europe
Austria,1986,2210,Europe
Austria,1987,2249,Europe
Austria,1988,2212,Europe
Austria,1989,2105,Europe
Austria,1990,2025,Europe
Austria,1991,2076,Europe
Austria,1992,2117,Europe
Austria,1993,2190,Europe
Austria,1994,1989,Europe
Austria,1995,1728,Europe
Austria,1996,1909,Europe
Austria,1997,1910,Europe
Austria,1998,1957,Europe
Austria,1999,2028,Europe
Austria,2000,1961,Europe
Austria,2001,1815,Europe
Austria,2002,1932,Europe
Austria,2003,2120,Europe
Austria,2004,2248,Europe
Austria,2005,2270,Europe
Austria,2006,2271,Europe
Austria,2007,2385,Europe
Austria,2008,2298,Europe
Austria,2009,2263,Europe
Austria,2010,2424,Europe
Austria,2011,2154,Europe
Austria,2012,2258,Europe
Austria,2013,2162,Europe
Austria,2014,2092,Europe
Austria,2015,2205,Europe
Austria,2016,2078,Europe
Austria,2017,2073,Europe
Austria,2018,2039,Europe
Ukraine,1980,,Europe
Ukraine,1981,,Europe
Ukraine,1982,,Europe
Ukraine,1983,,Europe
Ukraine,1984,,Europe
Ukraine,1985,,Europe
Ukraine,1986,,Europe
Ukraine,1987,,Europe
Ukraine,1988,,Europe
Ukraine,1989,,Europe
Ukraine,1990,,Europe
Ukraine,1991,,Europe
Ukraine,1992,309,Europe
Ukraine,1993,8687,Europe
Ukraine,1994,5355,Europe
Ukraine,1995,4804,Europe
Ukraine,1996,3636,Europe
Ukraine,1997,4688,Europe
Ukraine,1998,5319,Europe
Ukraine,1999,5401,Europe
Ukraine,2000,5620,Europe
Ukraine,2001,7208,Europe
Ukraine,2002,1601,Europe
Ukraine,2003,1635,Europe
Ukraine,2004,4090,Europe
Ukraine,2005,3538,Europe
Ukraine,2006,3474,Europe
Ukraine,2007,3440,Europe
Ukraine,2008,2825,Europe
Ukraine,2009,2434,Europe
Ukraine,2010,2556,Europe
Ukraine,2011,2649,Europe
Ukraine,2012,2491,Europe
Ukraine,2013,2856,Europe
Ukraine,2014,2457,Europe
Ukraine,2015,2271,Europe
Ukraine,2016,2233,Europe
Ukraine,2017,2283,Europe
Ukraine,2018,2107,Europe
Netherlands,1980,1826,Europe
Netherlands,1981,1897,Europe
Netherlands,1982,1873,Europe
Netherlands,1983,1889,Europe
Netherlands,1984,1840,Europe
Netherlands,1985,1938,Europe
Netherlands,1986,1866,Europe
Netherlands,1987,1970,Europe
Netherlands,1988,2158,Europe
Netherlands,1989,2205,Europe
Netherlands,1990,2147,Europe
Netherlands,1991,1605,Europe
Netherlands,1992,1753,Europe
Netherlands,1993,1733,Europe
Netherlands,1994,1748,Europe
Netherlands,1995,2123,Europe
Netherlands,1996,2348,Europe
Netherlands,1997,2391,Europe
Netherlands,1998,2451,Europe
Netherlands,1999,2545,Europe
Netherlands,2000,2465,Europe
Netherlands,2001,2110,Europe
Netherlands,2002,2122,Europe
Netherlands,2003,2288,Europe
Netherlands,2004,2187,Europe
Netherlands,2005,2217,Europe
Netherlands,2006,2168,Europe
Netherlands,2007,2079,Europe
Netherlands,2008,2421,Europe
Netherlands,2009,2575,Europe
Netherlands,2010,2527,Europe
Netherlands,2011,2585,Europe
Netherlands,2012,2375,Europe
Netherlands,2013,2315,Europe
Netherlands,2014,2294,Europe
Netherlands,2015,2207,Europe
Netherlands,2016,2290,Europe
Netherlands,2017,2241,Europe
Netherlands,2018,2111,Europe
Australia,1980,6582,Asia
Australia,1981,6341,Asia
Australia,1982,6603,Asia
Australia,1983,6930,Asia
Australia,1984,7170,Asia
Australia,1985,,Asia
Australia,1986,,Asia
Australia,1987,,Asia
Australia,1988,,Asia
Australia,1989,,Asia
Australia,1990,,Asia
Australia,1991,,Asia
Australia,1992,,Asia
Australia,1993,,Asia
Australia,1994,,Asia
Australia,1995,1784,Asia
Australia,1996,1797,Asia
Australia,1997,1760,Asia
Australia,1998,1862,Asia
Australia,1999,1858,Asia
Australia,2000,1928,Asia
Australia,2001,2187,Asia
Australia,2002,2364,Asia
Australia,2003,2418,Asia
Australia,2004,2559,Asia
Australia,2005,2555,Asia
Australia,2006,2837,Asia
Australia,2007,2718,Asia
Australia,2008,2821,Asia
Australia,2009,2494,Asia
Australia,2010,2409,Asia
Australia,2011,2383,Asia
Australia,2012,2627,Asia
Australia,2013,3061,Asia
Australia,2014,1988,Asia
Australia,2015,2291,Asia
Australia,2016,2620,Asia
Australia,2017,2503,Asia
Australia,2018,2757,Asia
Poland,1980,6198,Europe
Poland,1981,4370,Europe
Poland,1982,4482,Europe
Poland,1983,4741,Europe
Poland,1984,5090,Europe
Poland,1985,5124,Europe
Poland,1986,5486,Europe
Poland,1987,5682,Europe
Poland,1988,6280,Europe
Poland,1989,5294,Europe
Poland,1990,4106,Europe
Poland,1991,3389,Europe
Poland,1992,2891,Europe
Poland,1993,2659,Europe
Poland,1994,2676,Europe
Poland,1995,2595,Europe
Poland,1996,2411,Europe
Poland,1997,2399,Europe
Poland,1998,2407,Europe
Poland,1999,2285,Europe
Poland,2000,2404,Europe
Poland,2001,2202,Europe
Poland,2002,2313,Europe
Poland,2003,2268,Europe
Poland,2004,2381,Europe
Poland,2005,2028,Europe
Poland,2006,2157,Europe
Poland,2007,2392,Europe
Poland,2008,2488,Europe
Poland,2009,2899,Europe
Poland,2010,3203,Europe
Poland,2011,3879,Europe
Poland,2012,4410,Europe
Poland,2013,4237,Europe
Poland,2014,3941,Europe
Poland,2015,4676,Europe
Poland,2016,4261,Europe
Poland,2017,3924,Europe
Poland,2018,4207,Europe
Canada,1980,1648,North America
Canada,1981,2164,North America
Canada,1982,2000,North America
Canada,1983,2017,North America
Canada,1984,2026,North America
Canada,1985,2092,North America
Canada,1986,2161,North America
Canada,1987,2527,North America
Canada,1988,2772,North America
Canada,1989,3031,North America
Canada,1990,2549,North America
Canada,1991,2182,North America
Canada,1992,2807,North America
Canada,1993,3623,North America
Canada,1994,2480,North America
Canada,1995,2431,North America
Canada,1996,2583,North America
Canada,1997,3344,North America
Canada,1998,3809,North America
Canada,1999,4061,North America
Canada,2000,4187,North America
Canada,2001,3963,North America
Canada,2002,3959,North America
Canada,2003,3929,North America
Canada,2004,5231,North America
Canada,2005,5183,North America
Canada,2006,5522,North America
Canada,2007,4998,North America
Canada,2008,5061,North America
Canada,2009,5067,North America
Canada,2010,4550,North America
Canada,2011,4754,North America
Canada,2012,4709,North America
Canada,2013,4567,North America
Canada,2014,4198,North America
Canada,2015,4277,North America
Canada,2016,4078,North America
Canada,2017,4053,North America
Canada,2018,4349,North America
Brazil,1980,2149,South America
Brazil,1981,2171,South America
Brazil,1982,2116,South America
Brazil,1983,2302,South America
Brazil,1984,2062,South America
Brazil,1985,1954,South America
Brazil,1986,1855,South America
Brazil,1987,2451,South America
Brazil,1988,2338,South America
Brazil,1989,2323,South America
Brazil,1990,2389,South America
Brazil,1991,2319,South America
Brazil,1992,2100,South America
Brazil,1993,2429,South America
Brazil,1994,2269,South America
Brazil,1995,2707,South America
Brazil,1996,2611,South America
Brazil,1997,2756,South America
Brazil,1998,2491,South America
Brazil,1999,2816,South America
Brazil,2000,3179,South America
Brazil,2001,3439,South America
Brazil,2002,3481,South America
Brazil,2003,3866,South America
Brazil,2004,4044,South America
Brazil,2005,4054,South America
Brazil,2006,3956,South America
Brazil,2007,4194,South America
Brazil,2008,4280,South America
Brazil,2009,4271,South America
Brazil,2010,4228,South America
Brazil,2011,4695,South America
Brazil,2012,4798,South America
Brazil,2013,4959,South America
Brazil,2014,4659,South America
Brazil,2015,4641,South America
Brazil,2016,5200,South America
Brazil,2017,5480,South America
Brazil,2018,4980,South America
Turkey,1980,134,Europe
Turkey,1981,157,Europe
Turkey,1982,126,Europe
Turkey,1983,,Europe
Turkey,1984,153,Europe
Turkey,1985,132,Europe
Turkey,1986,174,Europe
Turkey,1987,138,Europe
Turkey,1988,153,Europe
Turkey,1989,162,Europe
Turkey,1990,138,Europe
Turkey,1991,148,Europe
Turkey,1992,189,Europe
Turkey,1993,169,Europe
Turkey,1994,151,Europe
Turkey,1995,170,Europe
Turkey,1996,189,Europe
Turkey,1997,203,Europe
Turkey,1998,207,Europe
Turkey,1999,276,Europe
Turkey,2000,277,Europe
Turkey,2001,337,Europe
Turkey,2002,414,Europe
Turkey,2003,489,Europe
Turkey,2004,682,Europe
Turkey,2005,928,Europe
Turkey,2006,1072,Europe
Turkey,2007,1810,Europe
Turkey,2008,2221,Europe
Turkey,2009,2555,Europe
Turkey,2010,3180,Europe
Turkey,2011,3885,Europe
Turkey,2012,4434,Europe
Turkey,2013,4392,Europe
Turkey,2014,4766,Europe
Turkey,2015,5352,Europe
Turkey,2016,6230,Europe
Turkey,2017,8175,Europe
Turkey,2018,7156,Europe
Italy,1980,6369,Europe
Italy,1981,,Europe
Italy,1982,,Europe
Italy,1983,,Europe
Italy,1984,,Europe
Italy,1985,2000,Europe
Italy,1986,,Europe
Italy,1987,,Europe
Italy,1988,2289,Europe
Italy,1989,,Europe
Italy,1990,,Europe
Italy,1991,,Europe
Italy,1992,7568,Europe
Italy,1993,7493,Europe
Italy,1994,7872,Europe
Italy,1995,,Europe
Italy,1996,6997,Europe
Italy,1997,,Europe
Italy,1998,,Europe
Italy,1999,6281,Europe
Italy,2000,7877,Europe
Italy,2001,,Europe
Italy,2002,,Europe
Italy,2003,,Europe
Italy,2004,,Europe
Italy,2005,,Europe
Italy,2006,,Europe
Italy,2007,9255,Europe
Italy,2008,8588,Europe
Italy,2009,8814,Europe
Italy,2010,8877,Europe
Italy,2011,8794,Europe
Italy,2012,8439,Europe
Italy,2013,8307,Europe
Italy,2014,8601,Europe
Italy,2015,,Europe
Italy,2016,8848,Europe
Italy,2017,8643,Europe
Italy,2018,8921,Europe
United Kingdom,1980,19612,Europe
United Kingdom,1981,20808,Europe
United Kingdom,1982,20530,Europe
United Kingdom,1983,19893,Europe
United Kingdom,1984,19093,Europe
United Kingdom,1985,19672,Europe
United Kingdom,1986,20040,Europe
United Kingdom,1987,19945,Europe
United Kingdom,1988,20536,Europe
United Kingdom,1989,19732,Europe
United Kingdom,1990,19310,Europe
United Kingdom,1991,19230,Europe
United Kingdom,1992,18848,Europe
United Kingdom,1993,18727,Europe
United Kingdom,1994,18384,Europe
United Kingdom,1995,18630,Europe
United Kingdom,1996,18184,Europe
United Kingdom,1997,17938,Europe
United Kingdom,1998,19530,Europe
United Kingdom,1999,21333,Europe
United Kingdom,2000,22050,Europe
United Kingdom,2001,21423,Europe
United Kingdom,2002,20624,Europe
United Kingdom,2003,20426,Europe
United Kingdom,2004,19178,Europe
United Kingdom,2005,17833,Europe
United Kingdom,2006,17484,Europe
United Kingdom,2007,17375,Europe
United Kingdom,2008,16523,Europe
United Kingdom,2009,15985,Europe
United Kingdom,2010,15490,Europe
United Kingdom,2011,15343,Europe
United Kingdom,2012,15370,Europe
United Kingdom,2013,14972,Europe
United Kingdom,2014,15196,Europe
United Kingdom,2015,14867,Europe
United Kingdom,2016,13876,Europe
United Kingdom,2017,13301,Europe
United Kingdom,2018,12865,Europe
France,1980,11000,Europe
France,1981,10945,Europe
France,1982,10681,Europe
France,1983,11147,Europe
France,1984,11333,Europe
France,1985,12050,Europe
France,1986,12155,Europe
France,1987,12695,Europe
France,1988,12437,Europe
France,1989,12592,Europe
France,1990,12378,Europe
France,1991,12597,Europe
France,1992,12539,Europe
France,1993,12638,Europe
France,1994,12519,Europe
France,1995,12419,Europe
France,1996,12916,Europe
France,1997,13252,Europe
France,1998,13251,Europe
France,1999,13592,Europe
France,2000,13870,Europe
France,2001,13499,Europe
France,2002,13519,Europe
France,2003,13511,Europe
France,2004,14230,Europe
France,2005,14327,Europe
France,2006,14529,Europe
France,2007,14722,Europe
France,2008,14658,Europe
France,2009,14100,Europe
France,2010,14748,Europe
France,2011,14655,Europe
France,2012,14540,Europe
France,2013,14690,Europe
France,2014,14500,Europe
France,2015,14306,Europe
France,2016,14206,Europe
France,2017,14415,Europe
France,2018,14303,Europe
India,1980,1207,Asia
India,1981,1067,Asia
India,1982,1128,Asia
India,1983,,Asia
India,1984,1003,Asia
India,1985,982,Asia
India,1986,999,Asia
India,1987,988,Asia
India,1988,1033,Asia
India,1989,1048,Asia
India,1990,1147,Asia
India,1991,1267,Asia
India,1992,1248,Asia
India,1993,1209,Asia
India,1994,1588,Asia
India,1995,1545,Asia
India,1996,1661,Asia
India,1997,1926,Asia
India,1998,2247,Asia
India,1999,2206,Asia
India,2000,2206,Asia
India,2001,2379,Asia
India,2002,2693,Asia
India,2003,3425,Asia
India,2004,4014,Asia
India,2005,4721,Asia
India,2006,5686,Asia
India,2007,6296,Asia
India,2008,6425,Asia
India,2009,7262,Asia
India,2010,8853,Asia
India,2011,8841,Asia
India,2012,9553,Asia
India,2013,10669,Asia
India,2014,12040,Asia
India,2015,12579,Asia
India,2016,13199,Asia
India,2017,14961,Asia
India,2018,16289,Asia
Russia ,1980,,Europe
Russia ,1981,,Europe
Russia ,1982,,Europe
Russia ,1983,,Europe
Russia ,1984,,Europe
Russia ,1985,,Europe
Russia ,1986,,Europe
Russia ,1987,,Europe
Russia ,1988,,Europe
Russia ,1989,,Europe
Russia ,1990,,Europe
Russia ,1991,,Europe
Russia ,1992,39494,Europe
Russia ,1993,28503,Europe
Russia ,1994,21250,Europe
Russia ,1995,17551,Europe
Russia ,1996,18014,Europe
Russia ,1997,15106,Europe
Russia ,1998,16454,Europe
Russia ,1999,19900,Europe
Russia ,2000,23377,Europe
Russia ,2001,24777,Europe
Russia ,2002,23712,Europe
Russia ,2003,24969,Europe
Russia ,2004,22985,Europe
Russia ,2005,23644,Europe
Russia ,2006,27884,Europe
Russia ,2007,27505,Europe
Russia ,2008,27712,Europe
Russia ,2009,25598,Europe
Russia ,2010,28722,Europe
Russia ,2011,26495,Europe
Russia ,2012,28701,Europe
Russia ,2013,28765,Europe
Russia ,2014,24072,Europe
Russia ,2015,29269,Europe
Russia ,2016,26795,Europe
Russia ,2017,22777,Europe
Russia ,2018,24926,Europe
Germany,1980,28683,Europe
Germany,1981,29841,Europe
Germany,1982,30668,Europe
Germany,1983,31658,Europe
Germany,1984,31984,Europe
Germany,1985,32202,Europe
Germany,1986,32169,Europe
Germany,1987,31597,Europe
Germany,1988,31912,Europe
Germany,1989,31171,Europe
Germany,1990,30724,Europe
Germany,1991,32256,Europe
Germany,1992,33919,Europe
Germany,1993,34752,Europe
Germany,1994,36715,Europe
Germany,1995,38103,Europe
Germany,1996,42322,Europe
Germany,1997,44438,Europe
Germany,1998,46523,Europe
Germany,1999,50029,Europe
Germany,2000,51736,Europe
Germany,2001,49989,Europe
Germany,2002,47598,Europe
Germany,2003,47818,Europe
Germany,2004,48448,Europe
Germany,2005,48367,Europe
Germany,2006,48012,Europe
Germany,2007,47853,Europe
Germany,2008,49240,Europe
Germany,2009,47859,Europe
Germany,2010,47047,Europe
Germany,2011,46986,Europe
Germany,2012,46620,Europe
Germany,2013,47353,Europe
Germany,2014,48154,Europe
Germany,2015,47384,Europe
Germany,2016,48480,Europe
Germany,2017,47785,Europe
Germany,2018,46617,Europe
South Korea,1980,1241,Asia
South Korea,1981,1319,Asia
South Korea,1982,1556,Asia
South Korea,1983,1599,Asia
South Korea,1984,1997,Asia
South Korea,1985,2702,Asia
South Korea,1986,3640,Asia
South Korea,1987,4871,Asia
South Korea,1988,5696,Asia
South Korea,1989,7020,Asia
South Korea,1990,9082,Asia
South Korea,1991,13253,Asia
South Korea,1992,15951,Asia
South Korea,1993,21449,Asia
South Korea,1994,28554,Asia
South Korea,1995,59228,Asia
South Korea,1996,68405,Asia
South Korea,1997,67359,Asia
South Korea,1998,50596,Asia
South Korea,1999,55970,Asia
South Korea,2000,72831,Asia
South Korea,2001,73714,Asia
South Korea,2002,76570,Asia
South Korea,2003,90313,Asia
South Korea,2004,105250,Asia
South Korea,2005,122188,Asia
South Korea,2006,125476,Asia
South Korea,2007,128701,Asia
South Korea,2008,127114,Asia
South Korea,2009,127316,Asia
South Korea,2010,131805,Asia
South Korea,2011,138034,Asia
South Korea,2012,148136,Asia
South Korea,2013,159978,Asia
South Korea,2014,164073,Asia
South Korea,2015,167275,Asia
South Korea,2016,163424,Asia
South Korea,2017,159084,Asia
South Korea,2018,162561,Asia
Japan,1980,165730,Asia
Japan,1981,,Asia
Japan,1982,,Asia
Japan,1983,227708,Asia
Japan,1984,256195,Asia
Japan,1985,274348,Asia
Japan,1986,290132,Asia
Japan,1987,310908,Asia
Japan,1988,308775,Asia
Japan,1989,317353,Asia
Japan,1990,332952,Asia
Japan,1991,335564,Asia
Japan,1992,337498,Asia
Japan,1993,331774,Asia
Japan,1994,319261,Asia
Japan,1995,333770,Asia
Japan,1996,339045,Asia
Japan,1997,349211,Asia
Japan,1998,357379,Asia
Japan,1999,357531,Asia
Japan,2000,384201,Asia
Japan,2001,382815,Asia
Japan,2002,365204,Asia
Japan,2003,358184,Asia
Japan,2004,368416,Asia
Japan,2005,367960,Asia
Japan,2006,347060,Asia
Japan,2007,333498,Asia
Japan,2008,330110,Asia
Japan,2009,295315,Asia
Japan,2010,290081,Asia
Japan,2011,287580,Asia
Japan,2012,287013,Asia
Japan,2013,271731,Asia
Japan,2014,265959,Asia
Japan,2015,258839,Asia
Japan,2016,260244,Asia
Japan,2017,260292,Asia
Japan,2018,253630,Asia
United States,1980,62098,North America
United States,1981,62404,North America
United States,1982,63316,North America
United States,1983,59391,North America
United States,1984,61841,North America
United States,1985,63673,North America
United States,1986,65195,North America
United States,1987,68315,North America
United States,1988,75192,North America
United States,1989,82370,North America
United States,1990,90643,North America
United States,1991,87955,North America
United States,1992,92425,North America
United States,1993,99955,North America
United States,1994,107233,North America
United States,1995,123962,North America
United States,1996,106892,North America
United States,1997,119214,North America
United States,1998,134733,North America
United States,1999,149251,North America
United States,2000,164795,North America
United States,2001,177513,North America
United States,2002,184245,North America
United States,2003,188941,North America
United States,2004,189536,North America
United States,2005,207867,North America
United States,2006,221784,North America
United States,2007,241347,North America
United States,2008,231588,North America
United States,2009,224912,North America
United States,2010,241977,North America
United States,2011,247750,North America
United States,2012,268782,North America
United States,2013,287831,North America
United States,2014,285096,North America
United States,2015,288335,North America
United States,2016,295327,North America
United States,2017,293904,North America
United States,2018,285095,North America
China,1980,,Asia
China,1981,,Asia
China,1982,,Asia
China,1983,,Asia
China,1984,,Asia
China,1985,4065,Asia
China,1986,3494,Asia
China,1987,3975,Asia
China,1988,4780,Asia
China,1989,4749,Asia
China,1990,5832,Asia
China,1991,7372,Asia
China,1992,10022,Asia
China,1993,12084,Asia
China,1994,11191,Asia
China,1995,10011,Asia
China,1996,11628,Asia
China,1997,12672,Asia
China,1998,13751,Asia
China,1999,15626,Asia
China,2000,25346,Asia
China,2001,30038,Asia
China,2002,39806,Asia
China,2003,56769,Asia
China,2004,65786,Asia
China,2005,93485,Asia
China,2006,122318,Asia
China,2007,153060,Asia
China,2008,194579,Asia
China,2009,229096,Asia
China,2010,293066,Asia
China,2011,415829,Asia
China,2012,535313,Asia
China,2013,704936,Asia
China,2014,801135,Asia
China,2015,968252,Asia
China,2016,1204981,Asia
China,2017,1245709,Asia
China,2018,1393815,Asia
Bahamas,1980,,South America
Bahamas,1981,2,South America
Bahamas,1982,3,South America
Bahamas,1983,,South America
Bahamas,1984,3,South America
Bahamas,1985,3,South America
Bahamas,1986,1,South America
Bahamas,1987,,South America
Bahamas,1988,4,South America
Bahamas,1989,,South America
Bahamas,1990,2,South America
Bahamas,1991,1,South America
Bahamas,1992,2,South America
Bahamas,1993,,South America
Bahamas,1994,,South America
Bahamas,1995,,South America
Bahamas,1996,,South America
Bahamas,1997,,South America
Bahamas,1998,,South America
Bahamas,1999,,South America
Bahamas,2000,,South America
Bahamas,2001,,South America
Bahamas,2002,,South America
Bahamas,2003,,South America
Bahamas,2004,,South America
Bahamas,2005,,South America
Bahamas,2006,,South America
Bahamas,2007,,South America
Bahamas,2008,,South America
Bahamas,2009,,South America
Bahamas,2010,,South America
Bahamas,2011,,South America
Bahamas,2012,3,South America
Bahamas,2013,1,South America
Bahamas,2014,1,South America
Bahamas,2015,2,South America
Bahamas,2016,3,South America
Bahamas,2017,4,South America
Bahamas,2018,8,South America
Bolivia,1980,12,South America
Bolivia,1981,18,South America
Bolivia,1982,11,South America
Bolivia,1983,4,South America
Bolivia,1984,5,South America
Bolivia,1985,,South America
Bolivia,1986,,South America
Bolivia,1987,,South America
Bolivia,1988,,South America
Bolivia,1989,,South America
Bolivia,1990,,South America
Bolivia,1991,,South America
Bolivia,1992,26,South America
Bolivia,1993,28,South America
Bolivia,1994,17,South America
Bolivia,1995,,South America
Bolivia,1996,,South America
Bolivia,1997,,South America
Bolivia,1998,,South America
Bolivia,1999,,South America
Bolivia,2000,,South America
Bolivia,2001,,South America
Bolivia,2002,,South America
Bolivia,2003,,South America
Bolivia,2004,,South America
Bolivia,2005,,South America
Bolivia,2006,,South America
Bolivia,2007,,South America
Bolivia,2008,,South America
Bolivia,2009,,South America
Bolivia,2010,,South America
Bolivia,2011,,South America
Bolivia,2012,,South America
Bolivia,2013,9,South America
Bolivia,2014,,South America
Bolivia,2015,12,South America
Bolivia,2016,59,South America
Bolivia,2017,,South America
Bolivia,2018,,South America
Uruguay,1980,70,South America
Uruguay,1981,71,South America
Uruguay,1982,49,South America
Uruguay,1983,40,South America
Uruguay,1984,43,South America
Uruguay,1985,63,South America
Uruguay,1986,39,South America
Uruguay,1987,34,South America
Uruguay,1988,28,South America
Uruguay,1989,23,South America
Uruguay,1990,,South America
Uruguay,1991,34,South America
Uruguay,1992,39,South America
Uruguay,1993,29,South America
Uruguay,1994,18,South America
Uruguay,1995,35,South America
Uruguay,1996,25,South America
Uruguay,1997,32,South America
Uruguay,1998,27,South America
Uruguay,1999,27,South America
Uruguay,2000,44,South America
Uruguay,2001,52,South America
Uruguay,2002,30,South America
Uruguay,2003,45,South America
Uruguay,2004,37,South America
Uruguay,2005,24,South America
Uruguay,2006,31,South America
Uruguay,2007,35,South America
Uruguay,2008,33,South America
Uruguay,2009,30,South America
Uruguay,2010,23,South America
Uruguay,2011,20,South America
Uruguay,2012,22,South America
Uruguay,2013,,South America
Uruguay,2014,37,South America
Uruguay,2015,26,South America
Uruguay,2016,,South America
Uruguay,2017,23,South America
Uruguay,2018,,South America
Venezuela,1980,236,South America
Venezuela,1981,176,South America
Venezuela,1982,174,South America
Venezuela,1983,625,South America
Venezuela,1984,875,South America
Venezuela,1985,227,South America
Venezuela,1986,282,South America
Venezuela,1987,312,South America
Venezuela,1988,,South America
Venezuela,1989,183,South America
Venezuela,1990,262,South America
Venezuela,1991,233,South America
Venezuela,1992,202,South America
Venezuela,1993,186,South America
Venezuela,1994,224,South America
Venezuela,1995,,South America
Venezuela,1996,182,South America
Venezuela,1997,201,South America
Venezuela,1998,,South America
Venezuela,1999,,South America
Venezuela,2000,56,South America
Venezuela,2001,,South America
Venezuela,2002,67,South America
Venezuela,2003,85,South America
Venezuela,2004,84,South America
Venezuela,2005,121,South America
Venezuela,2006,101,South America
Venezuela,2007,63,South America
Venezuela,2008,51,South America
Venezuela,2009,60,South America
Venezuela,2010,70,South America
Venezuela,2011,61,South America
Venezuela,2012,65,South America
Venezuela,2013,74,South America
Venezuela,2014,55,South America
Venezuela,2015,47,South America
Venezuela,2016,35,South America
Venezuela,2017,96,South America
Venezuela,2018,,South America